action_elapsed_s,N001,N002,N003,N004,N005,N006,N007,N008,N009,N010,N011,N012,N013,N014,N015,N016,N017,N018
0.000000,0.000000,0.000000,0.000000,0.000000,0.000000,0.000000,0.000000,0.000000,0.000000,0.000000,0.000000,0.000000,0.000000,0.000000,0.000000,0.000000,0.000000,0.000000
0.050000,0.000000,0.000000,0.000000,0.000000,0.000000,0.000000,0.000000,0.000000,0.000000,0.000000,0.000000,0.000000,0.000000,0.000000,0.000000,0.000000,0.000000,0.000000
0.100000,0.000000,0.000000,0.000000,0.000000,0.000000,0.000000,0.000000,0.000000,0.000000,0.000000,0.000000,0.000000,0.000000,0.000000,0.000000,0.000000,0.000000,0.000000
0.150000,0.000000,0.000000,0.000000,0.000000,0.000000,0.000000,0.000000,0.000000,0.000000,0.000000,0.000000,0.000000,0.000000,0.000000,0.000000,0.000000,0.000000,0.000000
0.200000,0.000000,0.000000,0.000000,0.000000,0.000000,0.000000,0.000000,0.000000,0.000000,0.000000,0.000000,0.000000,0.000000,0.000000,0.000000,0.000000,0.000000,0.000000
0.250000,0.000000,0.000000,0.000000,0.000000,0.000000,0.000000,0.000000,0.000000,0.000000,0.000000,0.000000,0.000000,0.000000,0.000000,0.000000,0.000000,0.000000,0.000000
0.300000,0.000000,0.000000,0.000000,0.000000,0.000000,0.000000,0.000000,0.000000,0.000000,0.000000,0.000000,0.000000,0.000000,0.000000,0.000000,0.000000,0.000000,0.000000
0.350000,0.000000,0.567588,0.000000,0.090383,0.000000,0.000000,0.000000,0.120588,0.017590,0.086088,0.000000,0.000000,0.000000,1.000000,0.591853,0.000000,0.000000,0.000000
0.400000,0.000000,0.570941,0.000000,0.093736,0.000000,0.000000,0.000000,0.120588,0.020943,0.082735,0.000000,0.000000,0.000000,1.000000,0.595206,0.000000,0.000000,0.000000
0.450000,0.000000,0.574294,0.000000,0.097089,0.000000,0.000000,0.000000,0.120588,0.024296,0.079382,0.000000,0.000000,0.000000,1.000000,0.598559,0.000000,0.000000,0.000000
0.500000,0.000000,0.577648,0.000000,0.100442,0.000000,0.000000,0.000000,0.120588,0.027649,0.076029,0.000000,0.000000,0.000000,1.000000,0.601913,0.000000,0.000000,0.000000
0.550000,0.000000,0.581001,0.000000,0.103794,0.000000,0.000000,0.000000,0.120588,0.031002,0.072676,0.000000,0.000000,0.000000,1.000000,0.605266,0.000000,0.000000,0.000000
0.600000,0.000000,0.581617,0.000000,0.108466,0.000000,0.000000,0.000000,0.116533,0.064055,0.092331,0.000000,0.000000,0.000000,1.000000,0.549119,0.000000,0.000000,0.000000
0.650000,0.000000,0.581617,0.000000,0.113434,0.000000,0.000000,0.000000,0.111565,0.103803,0.117174,0.000000,0.000000,0.000000,1.000000,0.479560,0.000000,0.000000,0.000000
0.700000,0.000000,0.581617,0.000000,0.118403,0.000000,0.000000,0.000000,0.106596,0.143550,0.142016,0.000000,0.000000,0.000000,1.000000,0.410001,0.000000,0.000000,0.000000
0.750000,0.000000,0.576023,0.000000,0.120588,0.000000,0.000000,0.000000,0.101614,0.306112,0.200497,0.000000,0.000000,0.000000,1.000000,0.337451,0.000000,0.000000,0.000000
0.800000,0.000000,0.566037,0.000000,0.120588,0.000000,0.000000,0.000000,0.096621,0.565076,0.285380,0.000000,0.000000,0.000000,1.000000,0.262553,0.000000,0.000000,0.000000
0.850000,0.000000,0.556050,0.000000,0.120588,0.000000,0.000000,0.000000,0.091628,0.824039,0.370264,0.000000,0.000000,0.000000,1.000000,0.187655,0.000000,0.000000,0.000000
0.900000,0.000000,0.547685,0.000000,0.122167,0.000000,0.000000,0.000000,0.086655,1.000000,0.429521,0.000000,0.000000,0.000000,1.000000,0.143082,0.000000,0.000000,0.000000
0.950000,0.000000,0.542757,0.000000,0.127095,0.000000,0.000000,0.000000,0.081727,1.000000,0.434449,0.000000,0.000000,0.000000,1.000000,0.162794,0.000000,0.000000,0.000000
1.000000,0.000000,0.537829,0.000000,0.132023,0.000000,0.000000,0.000000,0.076799,1.000000,0.439378,0.000000,0.000000,0.000000,1.000000,0.182506,0.000000,0.000000,0.000000
1.050000,0.000000,0.533240,0.000000,0.136916,0.000000,0.000000,0.000000,0.071905,1.000000,0.444423,0.000000,0.000000,0.000000,1.000000,0.201774,0.000000,0.000000,0.000000
1.100000,0.000000,0.537246,0.000000,0.140922,0.000000,0.000000,0.000000,0.067899,1.000000,0.452435,0.000000,0.000000,0.000000,1.000000,0.209786,0.000000,0.000000,0.000000
1.150000,0.000000,0.541252,0.000000,0.144928,0.000000,0.000000,0.000000,0.063893,1.000000,0.460447,0.000000,0.000000,0.000000,1.000000,0.217798,0.000000,0.000000,0.000000
1.200000,0.000000,0.545259,0.000000,0.148934,0.000000,0.000000,0.000000,0.059887,1.000000,0.468459,0.000000,0.000000,0.000000,1.000000,0.225810,0.000000,0.000000,0.000000
1.250000,0.000000,0.549265,0.000000,0.152940,0.000000,0.000000,0.000000,0.055881,1.000000,0.476471,0.000000,0.000000,0.000000,1.000000,0.233822,0.000000,0.000000,0.000000
1.300000,0.000000,0.554196,0.000000,0.152940,0.000000,0.000000,0.000000,0.055881,0.863490,0.461677,0.000000,0.000000,0.000000,1.000000,0.253548,0.000000,0.000000,0.000000
1.350000,0.000000,0.559127,0.000000,0.152940,0.000000,0.000000,0.000000,0.055881,0.726981,0.446882,0.000000,0.000000,0.000000,1.000000,0.273274,0.000000,0.000000,0.000000
1.400000,0.000000,0.564058,0.000000,0.152940,0.000000,0.000000,0.000000,0.055881,0.590471,0.432088,0.000000,0.000000,0.000000,1.000000,0.293000,0.000000,0.000000,0.000000
1.450000,0.000000,0.565440,0.000000,0.145796,0.000000,0.000000,0.000000,0.052309,0.492283,0.388646,0.000000,0.000000,0.000000,1.000000,0.344968,0.000000,0.000000,0.000000
1.500000,0.000000,0.565440,0.000000,0.135869,0.000000,0.000000,0.000000,0.047346,0.409016,0.334050,0.000000,0.000000,0.000000,1.000000,0.409490,0.000000,0.000000,0.000000
1.550000,0.000000,0.565440,0.000000,0.125943,0.000000,0.000000,0.000000,0.042383,0.325749,0.279455,0.000000,0.000000,0.000000,1.000000,0.474013,0.000000,0.000000,0.000000
1.600000,0.000000,0.565440,0.000000,0.103712,0.000000,0.000000,0.000000,0.041969,0.241526,0.220570,0.000000,0.000000,0.000000,1.000000,0.511086,0.000000,0.000000,0.000000
1.650000,0.000000,0.565440,0.000000,0.067065,0.000000,0.000000,0.000000,0.046885,0.156182,0.156662,0.000000,0.000000,0.000000,1.000000,0.516003,0.000000,0.000000,0.000000
1.700000,0.000000,0.565440,0.000000,0.030418,0.000000,0.000000,0.000000,0.051801,0.070839,0.092753,0.000000,0.000000,0.000000,1.000000,0.520919,0.000000,0.000000,0.000000
1.750000,0.000000,0.565440,0.000000,0.000000,0.000000,0.000000,0.000000,0.057025,0.000000,0.039706,0.000000,0.000000,0.000000,1.000000,0.525572,0.000000,0.000000,0.000000
1.800000,0.000000,0.565440,0.000000,0.000000,0.000000,0.000000,0.000000,0.063752,0.000000,0.039706,0.000000,0.000000,0.000000,1.000000,0.528935,0.000000,0.000000,0.000000
1.850000,0.000000,0.565440,0.000000,0.000000,0.000000,0.000000,0.000000,0.070480,0.000000,0.039706,0.000000,0.000000,0.000000,1.000000,0.532299,0.000000,0.000000,0.000000
1.900000,0.000000,0.565440,0.000000,0.000000,0.000000,0.000000,0.000000,0.077208,0.000000,0.039706,0.000000,0.000000,0.000000,1.000000,0.535663,0.000000,0.000000,0.000000
1.950000,0.000000,0.565440,0.000000,0.000000,0.000000,0.000000,0.000000,0.083936,0.000000,0.039706,0.000000,0.000000,0.000000,1.000000,0.539027,0.000000,0.000000,0.000000
2.000000,0.000000,0.565440,0.000000,0.000000,0.000000,0.000000,0.000000,0.088235,0.000000,0.041497,0.000000,0.000000,0.000000,1.000000,0.542967,0.000000,0.000000,0.000000
2.050000,0.000000,0.565440,0.000000,0.000000,0.000000,0.000000,0.000000,0.088235,0.000000,0.046457,0.000000,0.000000,0.000000,1.000000,0.547927,0.000000,0.000000,0.000000
2.100000,0.000000,0.565440,0.000000,0.000000,0.000000,0.000000,0.000000,0.088235,0.000000,0.051418,0.000000,0.000000,0.000000,1.000000,0.552888,0.000000,0.000000,0.000000
2.150000,0.000000,0.565945,0.000000,0.002753,0.000000,0.000000,0.000000,0.087730,0.000482,0.055883,0.000000,0.000000,0.000000,1.000000,0.556848,0.000000,0.000000,0.000000
2.200000,0.000000,0.570990,0.000000,0.030269,0.000000,0.000000,0.000000,0.082685,0.005297,0.055883,0.000000,0.000000,0.000000,1.000000,0.551803,0.000000,0.000000,0.000000
2.250000,0.000000,0.576035,0.000000,0.057785,0.000000,0.000000,0.000000,0.077640,0.010112,0.055883,0.000000,0.000000,0.000000,1.000000,0.546759,0.000000,0.000000,0.000000
2.300000,0.000000,0.581080,0.000000,0.085301,0.000000,0.000000,0.000000,0.072595,0.014928,0.055883,0.000000,0.000000,0.000000,1.000000,0.541714,0.000000,0.000000,0.000000
2.350000,0.000000,0.581617,0.000000,0.092622,0.000000,0.000000,0.000000,0.067670,0.032990,0.060270,0.000000,0.000000,0.000000,1.000000,0.532402,0.000000,0.000000,0.000000
2.400000,0.000000,0.581617,0.000000,0.097533,0.000000,0.000000,0.000000,0.062760,0.052632,0.065180,0.000000,0.000000,0.000000,1.000000,0.522580,0.000000,0.000000,0.000000
2.450000,0.000000,0.581617,0.000000,0.102443,0.000000,0.000000,0.000000,0.057849,0.072275,0.070091,0.000000,0.000000,0.000000,1.000000,0.512759,0.000000,0.000000,0.000000
2.500000,0.000000,0.000000,0.000000,0.000000,0.000000,0.000000,0.000000,0.000000,0.000000,0.000000,0.000000,0.000000,0.000000,0.000000,0.000000,0.000000,0.000000,0.000000
2.550000,0.000000,0.000000,0.000000,0.000000,0.000000,0.000000,0.000000,0.000000,0.000000,0.000000,0.000000,0.000000,0.000000,0.000000,0.000000,0.000000,0.000000,0.000000
2.600000,0.000000,0.000000,0.000000,0.000000,0.000000,0.000000,0.000000,0.000000,0.000000,0.000000,0.000000,0.000000,0.000000,0.000000,0.000000,0.000000,0.000000,0.000000
2.650000,0.000000,0.000000,0.000000,0.000000,0.000000,0.000000,0.000000,0.000000,0.000000,0.000000,0.000000,0.000000,0.000000,0.000000,0.000000,0.000000,0.000000,0.000000
2.700000,0.000000,0.000000,0.000000,0.000000,0.000000,0.000000,0.000000,0.000000,0.000000,0.000000,0.000000,0.000000,0.000000,0.000000,0.000000,0.000000,0.000000,0.000000
2.750000,0.000000,0.000000,0.000000,0.000000,0.000000,0.000000,0.000000,0.000000,0.000000,0.000000,0.000000,0.000000,0.000000,0.000000,0.000000,0.000000,0.000000,0.000000
2.800000,0.000000,0.000000,0.000000,0.000000,0.000000,0.000000,0.000000,0.000000,0.000000,0.000000,0.000000,0.000000,0.000000,0.000000,0.000000,0.000000,0.000000,0.000000
2.850000,0.000000,0.000000,0.000000,0.000000,0.000000,0.000000,0.000000,0.000000,0.000000,0.000000,0.000000,0.000000,0.000000,0.000000,0.000000,0.000000,0.000000,0.000000
2.900000,0.000000,0.000000,0.000000,0.000000,0.000000,0.000000,0.000000,0.000000,0.000000,0.000000,0.000000,0.000000,0.000000,0.000000,0.000000,0.000000,0.000000,0.000000
2.950000,0.000000,0.000000,0.000000,0.000000,0.000000,0.000000,0.000000,0.000000,0.000000,0.000000,0.000000,0.000000,0.000000,0.000000,0.000000,0.000000,0.000000,0.000000
3.000000,0.000000,0.000000,0.000000,0.000000,0.000000,0.000000,0.000000,0.000000,0.000000,0.000000,0.000000,0.000000,0.000000,0.000000,0.000000,0.000000,0.000000,0.000000
3.050000,0.000000,0.000000,0.000000,0.000000,0.000000,0.000000,0.000000,0.000000,0.000000,0.000000,0.000000,0.000000,0.000000,0.000000,0.000000,0.000000,0.000000,0.000000
3.100000,0.000000,0.000000,0.000000,0.000000,0.545862,0.000000,0.088236,0.000000,0.000000,0.000000,0.104411,0.031619,0.000000,0.000000,0.000000,0.000000,1.000000,0.544579
3.150000,0.000000,0.000000,0.000000,0.000000,0.541020,0.000000,0.088236,0.000000,0.000000,0.000000,0.104411,0.031619,0.000000,0.000000,0.000000,0.000000,1.000000,0.549421
3.200000,0.000000,0.000000,0.000000,0.000000,0.536178,0.000000,0.088236,0.000000,0.000000,0.000000,0.104411,0.031619,0.000000,0.000000,0.000000,0.000000,1.000000,0.554263
3.250000,0.009619,0.000000,0.000000,0.000000,0.533087,0.000000,0.090000,0.000000,0.000000,0.000000,0.104411,0.038672,0.000000,0.000000,0.000000,0.000000,1.000000,0.546772
3.300000,0.036203,0.000000,0.000000,0.000000,0.533087,0.000000,0.094873,0.000000,0.000000,0.000000,0.104411,0.058166,0.000000,0.000000,0.000000,0.000000,1.000000,0.517530
3.350000,0.062786,0.000000,0.000000,0.000000,0.533087,0.000000,0.099747,0.000000,0.000000,0.000000,0.104411,0.077660,0.000000,0.000000,0.000000,0.000000,1.000000,0.488288
3.400000,0.088443,0.000000,0.000000,0.000000,0.533087,0.000000,0.104829,0.000000,0.000000,0.000000,0.104411,0.107943,0.000000,0.000000,0.000000,0.000000,1.000000,0.459046
3.450000,0.093317,0.000000,0.000000,0.000000,0.533087,0.000000,0.114576,0.000000,0.000000,0.000000,0.104411,0.380224,0.000000,0.000000,0.000000,0.000000,1.000000,0.429802
3.500000,0.098191,0.000000,0.000000,0.000000,0.533087,0.000000,0.124324,0.000000,0.000000,0.000000,0.104411,0.652505,0.000000,0.000000,0.000000,0.000000,1.000000,0.400557
3.550000,0.103065,0.000000,0.000000,0.000000,0.533087,0.000000,0.134072,0.000000,0.000000,0.000000,0.104411,0.924785,0.000000,0.000000,0.000000,0.000000,1.000000,0.371313
3.600000,0.106838,0.000000,0.000000,0.000000,0.533087,0.000000,0.153753,0.000000,0.000000,0.000000,0.104411,1.000000,0.000000,0.000000,0.000000,0.000000,1.000000,0.372942
3.650000,0.110191,0.000000,0.000000,0.000000,0.533087,0.000000,0.177224,0.000000,0.000000,0.000000,0.104411,1.000000,0.000000,0.000000,0.000000,0.000000,1.000000,0.386355
3.700000,0.113544,0.000000,0.000000,0.000000,0.533087,0.000000,0.200695,0.000000,0.000000,0.000000,0.104411,1.000000,0.000000,0.000000,0.000000,0.000000,1.000000,0.399767
3.750000,0.116897,0.000000,0.000000,0.000000,0.533087,0.000000,0.224167,0.000000,0.000000,0.000000,0.104411,1.000000,0.000000,0.000000,0.000000,0.000000,1.000000,0.413179
3.800000,0.120250,0.000000,0.000000,0.000000,0.533087,0.000000,0.247638,0.000000,0.000000,0.000000,0.104411,1.000000,0.000000,0.000000,0.000000,0.000000,1.000000,0.426591
3.850000,0.116121,0.000000,0.000000,0.000000,0.537554,0.000000,0.258933,0.000000,0.000000,0.000000,0.104411,1.000000,0.000000,0.000000,0.000000,0.000000,1.000000,0.423474
3.900000,0.111155,0.000000,0.000000,0.000000,0.542521,0.000000,0.268866,0.000000,0.000000,0.000000,0.104411,1.000000,0.000000,0.000000,0.000000,0.000000,1.000000,0.418508
3.950000,0.106188,0.000000,0.000000,0.000000,0.547488,0.000000,0.278799,0.000000,0.000000,0.000000,0.104411,1.000000,0.000000,0.000000,0.000000,0.000000,1.000000,0.413541
4.000000,0.107560,0.000000,0.000000,0.000000,0.549265,0.000000,0.279205,0.000000,0.000000,0.000000,0.104411,1.000000,0.000000,0.000000,0.000000,0.000000,1.000000,0.411764
4.050000,0.112463,0.000000,0.000000,0.000000,0.549265,0.000000,0.274302,0.000000,0.000000,0.000000,0.104411,1.000000,0.000000,0.000000,0.000000,0.000000,1.000000,0.411764
4.100000,0.117366,0.000000,0.000000,0.000000,0.549265,0.000000,0.269399,0.000000,0.000000,0.000000,0.104411,1.000000,0.000000,0.000000,0.000000,0.000000,1.000000,0.411764
4.150000,0.117268,0.000000,0.000000,0.000000,0.549265,0.000000,0.269497,0.000000,0.000000,0.000000,0.102752,1.000000,0.000000,0.000000,0.000000,0.000000,1.000000,0.415083
4.200000,0.107590,0.000000,0.000000,0.000000,0.549265,0.000000,0.279175,0.000000,0.000000,0.000000,0.097913,1.000000,0.000000,0.000000,0.000000,0.000000,1.000000,0.424761
4.250000,0.097913,0.000000,0.000000,0.000000,0.549265,0.000000,0.288852,0.000000,0.000000,0.000000,0.093074,1.000000,0.000000,0.000000,0.000000,0.000000,1.000000,0.434439
4.300000,0.088235,0.000000,0.000000,0.000000,0.549265,0.000000,0.298530,0.000000,0.000000,0.000000,0.088235,1.000000,0.000000,0.000000,0.000000,0.000000,1.000000,0.444117
4.350000,0.088235,0.000000,0.000000,0.000000,0.549265,0.000000,0.310550,0.000000,0.000000,0.000000,0.092242,1.000000,0.000000,0.000000,0.000000,0.000000,1.000000,0.392028
4.400000,0.088235,0.000000,0.000000,0.000000,0.549265,0.000000,0.322571,0.000000,0.000000,0.000000,0.096249,1.000000,0.000000,0.000000,0.000000,0.000000,1.000000,0.339939
4.450000,0.088235,0.000000,0.000000,0.000000,0.549265,0.000000,0.334591,0.000000,0.000000,0.000000,0.100255,1.000000,0.000000,0.000000,0.000000,0.000000,1.000000,0.287850
4.500000,0.088235,0.000000,0.000000,0.000000,0.549265,0.000000,0.346611,0.000000,0.000000,0.000000,0.104262,1.000000,0.000000,0.000000,0.000000,0.000000,1.000000,0.235761
4.550000,0.093038,0.000000,0.000000,0.000000,0.544462,0.000000,0.380681,0.000000,0.000000,0.000000,0.090002,1.000000,0.000000,0.000000,0.000000,0.000000,1.000000,0.291461
4.600000,0.098027,0.000000,0.000000,0.000000,0.539472,0.000000,0.415603,0.000000,0.000000,0.000000,0.075035,1.000000,0.000000,0.000000,0.000000,0.000000,1.000000,0.351327
4.650000,0.103016,0.000000,0.000000,0.000000,0.534483,0.000000,0.450525,0.000000,0.000000,0.000000,0.060068,1.000000,0.000000,0.000000,0.000000,0.000000,1.000000,0.411193
4.700000,0.086639,0.000000,0.000000,0.000000,0.540196,0.000000,0.371436,0.000000,0.000000,0.000000,0.070099,0.780277,0.000000,0.000000,0.000000,0.000000,1.000000,0.452822
4.750000,0.061965,0.000000,0.000000,0.000000,0.550066,0.000000,0.248062,0.000000,0.000000,0.000000,0.089839,0.475207,0.000000,0.000000,0.000000,0.000000,1.000000,0.487366
4.800000,0.037290,0.000000,0.000000,0.000000,0.559936,0.000000,0.124688,0.000000,0.000000,0.000000,0.109579,0.170137,0.000000,0.000000,0.000000,0.000000,1.000000,0.521911
4.850000,0.032307,0.000000,0.000000,0.000000,0.565440,0.000000,0.058077,0.000000,0.000000,0.000000,0.120588,0.002095,0.000000,0.000000,0.000000,0.000000,1.000000,0.545565
4.900000,0.052153,0.000000,0.000000,0.000000,0.565440,0.000000,0.063039,0.000000,0.000000,0.000000,0.120588,0.006831,0.000000,0.000000,0.000000,0.000000,1.000000,0.555488
4.950000,0.072000,0.000000,0.000000,0.000000,0.565440,0.000000,0.068000,0.000000,0.000000,0.000000,0.120588,0.011567,0.000000,0.000000,0.000000,0.000000,1.000000,0.565411
5.000000,0.088235,0.000000,0.000000,0.000000,0.565440,0.000000,0.072946,0.000000,0.000000,0.000000,0.120588,0.015441,0.000000,0.000000,0.000000,0.000000,1.000000,0.574416
5.050000,0.088235,0.000000,0.000000,0.000000,0.565440,0.000000,0.077820,0.000000,0.000000,0.000000,0.120588,0.015441,0.000000,0.000000,0.000000,0.000000,1.000000,0.579290
5.100000,0.088235,0.000000,0.000000,0.000000,0.565440,0.000000,0.082694,0.000000,0.000000,0.000000,0.120588,0.015441,0.000000,0.000000,0.000000,0.000000,1.000000,0.584163
5.150000,0.088235,0.000000,0.000000,0.000000,0.565440,0.000000,0.087569,0.000000,0.000000,0.000000,0.120588,0.015441,0.000000,0.000000,0.000000,0.000000,1.000000,0.589037
5.200000,0.000000,0.000000,0.000000,0.000000,0.000000,0.000000,0.000000,0.000000,0.000000,0.000000,0.000000,0.000000,0.000000,0.000000,0.000000,0.000000,0.000000,0.000000
5.250000,0.000000,0.000000,0.000000,0.000000,0.000000,0.000000,0.000000,0.000000,0.000000,0.000000,0.000000,0.000000,0.000000,0.000000,0.000000,0.000000,0.000000,0.000000
5.300000,0.000000,0.000000,0.000000,0.000000,0.000000,0.000000,0.000000,0.000000,0.000000,0.000000,0.000000,0.000000,0.000000,0.000000,0.000000,0.000000,0.000000,0.000000
5.350000,0.000000,0.000000,0.000000,0.000000,0.000000,0.000000,0.000000,0.000000,0.000000,0.000000,0.000000,0.000000,0.000000,0.000000,0.000000,0.000000,0.000000,0.000000
5.400000,0.000000,0.000000,0.000000,0.000000,0.000000,0.000000,0.000000,0.000000,0.000000,0.000000,0.000000,0.000000,0.000000,0.000000,0.000000,0.000000,0.000000,0.000000
5.450000,0.000000,0.000000,0.000000,0.000000,0.000000,0.000000,0.000000,0.000000,0.000000,0.000000,0.000000,0.000000,0.000000,0.000000,0.000000,0.000000,0.000000,0.000000
5.500000,0.000000,0.000000,0.000000,0.000000,0.000000,0.000000,0.000000,0.000000,0.000000,0.000000,0.000000,0.000000,0.000000,0.000000,0.000000,0.000000,0.000000,0.000000
5.550000,0.000000,0.000000,0.000000,0.000000,0.000000,0.000000,0.000000,0.000000,0.000000,0.000000,0.000000,0.000000,0.000000,0.000000,0.000000,0.000000,0.000000,0.000000
5.600000,0.000000,0.000000,0.000000,0.000000,0.000000,0.000000,0.000000,0.000000,0.000000,0.000000,0.000000,0.000000,0.000000,0.000000,0.000000,0.000000,0.000000,0.000000
5.650000,0.000000,0.000000,0.000000,0.000000,0.000000,0.000000,0.000000,0.000000,0.000000,0.000000,0.000000,0.000000,0.000000,0.000000,0.000000,0.000000,0.000000,0.000000
5.700000,0.000000,0.000000,0.000000,0.000000,0.000000,0.000000,0.000000,0.000000,0.000000,0.000000,0.000000,0.000000,0.000000,0.000000,0.000000,0.000000,0.000000,0.000000
5.750000,0.000000,0.000000,0.000000,0.000000,0.000000,0.000000,0.000000,0.000000,0.000000,0.000000,0.000000,0.000000,0.000000,0.000000,0.000000,0.000000,0.000000,0.000000
5.800000,0.000000,0.000000,0.000000,0.000000,0.000000,0.000000,0.000000,0.000000,0.000000,0.000000,0.000000,0.000000,0.000000,0.000000,0.000000,0.000000,0.000000,0.000000
5.850000,0.000000,0.000000,0.000000,0.000000,0.000000,0.000000,0.000000,0.000000,0.000000,0.000000,0.000000,0.000000,0.000000,0.000000,0.000000,0.000000,0.000000,0.000000
5.900000,0.000000,0.000000,0.000000,0.000000,0.000000,0.000000,0.000000,0.000000,0.000000,0.000000,0.000000,0.000000,0.000000,0.000000,0.000000,0.000000,0.000000,0.000000
5.950000,0.000000,0.000000,0.000000,0.000000,0.000000,0.000000,0.000000,0.000000,0.000000,0.000000,0.000000,0.000000,0.000000,0.000000,0.000000,0.000000,0.000000,0.000000
6.000000,0.000000,0.000000,0.000000,0.000000,0.000000,0.000000,0.000000,0.000000,0.000000,0.000000,0.000000,0.000000,0.000000,0.000000,0.000000,0.000000,0.000000,0.000000
6.050000,0.000000,0.000000,0.000000,0.000000,0.000000,0.000000,0.000000,0.000000,0.000000,0.000000,0.000000,0.000000,0.000000,0.000000,0.000000,0.000000,0.000000,0.000000
6.100000,0.000000,0.000000,0.000000,0.000000,0.000000,0.000000,0.000000,0.000000,0.000000,0.000000,0.000000,0.000000,0.000000,0.000000,0.000000,0.000000,0.000000,0.000000
6.150000,0.000000,0.000000,0.000000,0.000000,0.000000,0.000000,0.000000,0.000000,0.000000,0.000000,0.000000,0.000000,0.000000,0.000000,0.000000,0.000000,0.000000,0.000000
6.200000,0.000000,0.000000,0.000000,0.000000,0.000000,0.000000,0.000000,0.000000,0.000000,0.000000,0.000000,0.000000,0.000000,0.000000,0.000000,0.000000,0.000000,0.000000
6.250000,0.000000,0.000000,0.000000,0.000000,0.593951,0.000000,0.233824,0.000000,0.000000,0.000000,0.088235,0.172560,0.000000,0.000000,0.000000,0.000000,1.000000,0.654411
6.300000,0.000000,0.000000,0.000000,0.000000,0.589041,0.000000,0.233824,0.000000,0.000000,0.000000,0.088235,0.187290,0.000000,0.000000,0.000000,0.000000,1.000000,0.654411
6.350000,0.000000,0.000000,0.000000,0.000000,0.584131,0.000000,0.233824,0.000000,0.000000,0.000000,0.088235,0.202020,0.000000,0.000000,0.000000,0.000000,1.000000,0.654411
6.400000,0.000000,0.000000,0.000000,0.000000,0.581617,0.000000,0.233824,0.000000,0.000000,0.000000,0.088235,0.207136,0.000000,0.000000,0.000000,0.000000,1.000000,0.656833
6.450000,0.000000,0.000000,0.000000,0.000000,0.581617,0.000000,0.233824,0.000000,0.000000,0.000000,0.088235,0.202175,0.000000,0.000000,0.000000,0.000000,1.000000,0.661795
6.500000,0.000000,0.000000,0.000000,0.000000,0.581617,0.000000,0.233824,0.000000,0.000000,0.000000,0.088235,0.197213,0.000000,0.000000,0.000000,0.000000,1.000000,0.666756
6.550000,0.000507,0.000000,0.000000,0.000000,0.581617,0.000000,0.234940,0.000000,0.000000,0.000000,0.088235,0.194498,0.000000,0.000000,0.000000,0.000000,1.000000,0.670588
6.600000,0.002735,0.000000,0.000000,0.000000,0.581617,0.000000,0.239842,0.000000,0.000000,0.000000,0.088235,0.199400,0.000000,0.000000,0.000000,0.000000,1.000000,0.670588
6.650000,0.004963,0.000000,0.000000,0.000000,0.581617,0.000000,0.244743,0.000000,0.000000,0.000000,0.088235,0.204301,0.000000,0.000000,0.000000,0.000000,1.000000,0.670588
6.700000,0.007191,0.000000,0.000000,0.000000,0.581617,0.000000,0.249645,0.000000,0.000000,0.000000,0.088235,0.209203,0.000000,0.000000,0.000000,0.000000,1.000000,0.670588
6.750000,0.026003,0.000000,0.000000,0.000000,0.581617,0.000000,0.250000,0.000000,0.000000,0.000000,0.088235,0.209559,0.000000,0.000000,0.000000,0.000000,1.000000,0.648207
6.800000,0.046110,0.000000,0.000000,0.000000,0.581617,0.000000,0.250000,0.000000,0.000000,0.000000,0.088235,0.209559,0.000000,0.000000,0.000000,0.000000,1.000000,0.624078
6.850000,0.066218,0.000000,0.000000,0.000000,0.581617,0.000000,0.250000,0.000000,0.000000,0.000000,0.088235,0.209559,0.000000,0.000000,0.000000,0.000000,1.000000,0.599949
6.900000,0.086326,0.000000,0.000000,0.000000,0.581617,0.000000,0.250000,0.000000,0.000000,0.000000,0.088235,0.209559,0.000000,0.000000,0.000000,0.000000,1.000000,0.575820
6.950000,0.127200,0.000000,0.000000,0.000000,0.586088,0.000000,0.254470,0.000000,0.000000,0.000000,0.088235,0.200619,0.000000,0.000000,0.000000,0.000000,1.000000,0.569059
7.000000,0.170254,0.000000,0.000000,0.000000,0.591027,0.000000,0.259409,0.000000,0.000000,0.000000,0.088235,0.190741,0.000000,0.000000,0.000000,0.000000,1.000000,0.564120
7.050000,0.213308,0.000000,0.000000,0.000000,0.595966,0.000000,0.264349,0.000000,0.000000,0.000000,0.088235,0.180862,0.000000,0.000000,0.000000,0.000000,1.000000,0.559181
7.100000,0.254375,0.000000,0.000000,0.000000,0.591625,0.000000,0.269262,0.000000,0.000000,0.000000,0.088235,0.186460,0.000000,0.000000,0.000000,0.000000,1.000000,0.554268
7.150000,0.294273,0.000000,0.000000,0.000000,0.581827,0.000000,0.274161,0.000000,0.000000,0.000000,0.088235,0.201157,0.000000,0.000000,0.000000,0.000000,1.000000,0.549369
7.200000,0.334172,0.000000,0.000000,0.000000,0.572029,0.000000,0.279060,0.000000,0.000000,0.000000,0.088235,0.215854,0.000000,0.000000,0.000000,0.000000,1.000000,0.544470
7.250000,0.348032,0.000000,0.000000,0.000000,0.568625,0.000000,0.282354,0.000000,0.000000,0.000000,0.085050,0.228921,0.000000,0.000000,0.000000,0.000000,1.000000,0.533214
7.300000,0.308437,0.000000,0.000000,0.000000,0.578348,0.000000,0.282354,0.000000,0.000000,0.000000,0.075327,0.238644,0.000000,0.000000,0.000000,0.000000,1.000000,0.508907
7.350000,0.268843,0.000000,0.000000,0.000000,0.588072,0.000000,0.282354,0.000000,0.000000,0.000000,0.065604,0.248366,0.000000,0.000000,0.000000,0.000000,1.000000,0.484601
7.400000,0.229249,0.000000,0.000000,0.000000,0.597795,0.000000,0.282354,0.000000,0.000000,0.000000,0.055881,0.258089,0.000000,0.000000,0.000000,0.000000,1.000000,0.460294
7.450000,0.185922,0.000000,0.000000,0.000000,0.607735,0.000000,0.277384,0.000000,0.000000,0.000000,0.055881,0.277969,0.000000,0.000000,0.000000,0.000000,1.000000,0.435442
7.500000,0.142595,0.000000,0.000000,0.000000,0.617675,0.000000,0.272413,0.000000,0.000000,0.000000,0.055881,0.297850,0.000000,0.000000,0.000000,0.000000,1.000000,0.410591
7.550000,0.099269,0.000000,0.000000,0.000000,0.627615,0.000000,0.267443,0.000000,0.000000,0.000000,0.055881,0.317731,0.000000,0.000000,0.000000,0.000000,1.000000,0.385740
7.600000,0.088235,0.000000,0.000000,0.000000,0.632660,0.000000,0.266177,0.000000,0.000000,0.000000,0.053368,0.327820,0.000000,0.000000,0.000000,0.000000,1.000000,0.381924
7.650000,0.088235,0.000000,0.000000,0.000000,0.636032,0.000000,0.266177,0.000000,0.000000,0.000000,0.049996,0.334564,0.000000,0.000000,0.000000,0.000000,1.000000,0.385296
7.700000,0.088235,0.000000,0.000000,0.000000,0.639403,0.000000,0.266177,0.000000,0.000000,0.000000,0.046625,0.341308,0.000000,0.000000,0.000000,0.000000,1.000000,0.388668
7.750000,0.088235,0.000000,0.000000,0.000000,0.642775,0.000000,0.266177,0.000000,0.000000,0.000000,0.043253,0.348051,0.000000,0.000000,0.000000,0.000000,1.000000,0.392040
7.800000,0.088235,0.000000,0.000000,0.000000,0.646147,0.000000,0.266177,0.000000,0.000000,0.000000,0.039881,0.354795,0.000000,0.000000,0.000000,0.000000,1.000000,0.395411
7.850000,0.083587,0.000000,0.000000,0.000000,0.599845,0.000000,0.252234,0.000000,0.000000,0.000000,0.039705,0.317964,0.000000,0.000000,0.000000,0.000000,1.000000,0.423475
7.900000,0.078682,0.000000,0.000000,0.000000,0.550801,0.000000,0.237520,0.000000,0.000000,0.000000,0.039705,0.278730,0.000000,0.000000,0.000000,0.000000,1.000000,0.452901
7.950000,0.073778,0.000000,0.000000,0.000000,0.501758,0.000000,0.222807,0.000000,0.000000,0.000000,0.039705,0.239496,0.000000,0.000000,0.000000,0.000000,1.000000,0.482327
8.000000,0.057706,0.000000,0.000000,0.000000,0.484559,0.000000,0.217647,0.000000,0.000000,0.000000,0.042927,0.199960,0.000000,0.000000,0.000000,0.000000,1.000000,0.505534
8.050000,0.035602,0.000000,0.000000,0.000000,0.484559,0.000000,0.217647,0.000000,0.000000,0.000000,0.047889,0.160262,0.000000,0.000000,0.000000,0.000000,1.000000,0.525383
8.100000,0.013498,0.000000,0.000000,0.000000,0.484559,0.000000,0.217647,0.000000,0.000000,0.000000,0.052851,0.120564,0.000000,0.000000,0.000000,0.000000,1.000000,0.545232
8.150000,0.000000,0.000000,0.000000,0.000000,0.484559,0.000000,0.219532,0.000000,0.000000,0.000000,0.057766,0.098208,0.000000,0.000000,0.000000,0.000000,1.000000,0.561122
8.200000,0.000000,0.000000,0.000000,0.000000,0.484559,0.000000,0.224374,0.000000,0.000000,0.000000,0.062607,0.103049,0.000000,0.000000,0.000000,0.000000,1.000000,0.570805
8.250000,0.000000,0.000000,0.000000,0.000000,0.484559,0.000000,0.229215,0.000000,0.000000,0.000000,0.067449,0.107891,0.000000,0.000000,0.000000,0.000000,1.000000,0.580487
8.300000,0.000000,0.000000,0.000000,0.000000,0.000000,0.000000,0.000000,0.000000,0.000000,0.000000,0.000000,0.000000,0.000000,0.000000,0.000000,0.000000,0.000000,0.000000
8.350000,0.000000,0.000000,0.000000,0.000000,0.000000,0.000000,0.000000,0.000000,0.000000,0.000000,0.000000,0.000000,0.000000,0.000000,0.000000,0.000000,0.000000,0.000000
8.400000,0.000000,0.000000,0.000000,0.000000,0.000000,0.000000,0.000000,0.000000,0.000000,0.000000,0.000000,0.000000,0.000000,0.000000,0.000000,0.000000,0.000000,0.000000
8.450000,0.000000,0.000000,0.000000,0.000000,0.000000,0.000000,0.000000,0.000000,0.000000,0.000000,0.000000,0.000000,0.000000,0.000000,0.000000,0.000000,0.000000,0.000000
8.500000,0.000000,0.000000,0.000000,0.000000,0.000000,0.000000,0.000000,0.000000,0.000000,0.000000,0.000000,0.000000,0.000000,0.000000,0.000000,0.000000,0.000000,0.000000
8.550000,0.000000,0.000000,0.000000,0.000000,0.000000,0.000000,0.000000,0.000000,0.000000,0.000000,0.000000,0.000000,0.000000,0.000000,0.000000,0.000000,0.000000,0.000000
8.600000,0.000000,0.000000,0.000000,0.000000,0.000000,0.000000,0.000000,0.000000,0.000000,0.000000,0.000000,0.000000,0.000000,0.000000,0.000000,0.000000,0.000000,0.000000
8.650000,0.000000,0.000000,0.000000,0.000000,0.000000,0.000000,0.000000,0.000000,0.000000,0.000000,0.000000,0.000000,0.000000,0.000000,0.000000,0.000000,0.000000,0.000000
8.700000,0.000000,0.000000,0.000000,0.000000,0.000000,0.000000,0.000000,0.000000,0.000000,0.000000,0.000000,0.000000,0.000000,0.000000,0.000000,0.000000,0.000000,0.000000
8.750000,0.000000,0.000000,0.000000,0.000000,0.000000,0.000000,0.000000,0.000000,0.000000,0.000000,0.000000,0.000000,0.000000,0.000000,0.000000,0.000000,0.000000,0.000000
8.800000,0.000000,0.000000,0.000000,0.000000,0.000000,0.000000,0.000000,0.000000,0.000000,0.000000,0.000000,0.000000,0.000000,0.000000,0.000000,0.000000,0.000000,0.000000
8.850000,0.000000,0.000000,0.000000,0.000000,0.000000,0.000000,0.000000,0.000000,0.000000,0.000000,0.000000,0.000000,0.000000,0.000000,0.000000,0.000000,0.000000,0.000000
8.900000,0.000000,0.533087,0.000000,0.000000,0.000000,0.000000,0.000000,0.088833,0.112500,0.233824,0.000000,0.000000,0.000000,1.000000,0.605882,0.000000,0.000000,0.000000
8.950000,0.000000,0.533087,0.000000,0.000000,0.000000,0.000000,0.000000,0.093708,0.112500,0.233824,0.000000,0.000000,0.000000,1.000000,0.605882,0.000000,0.000000,0.000000
9.000000,0.000000,0.533087,0.000000,0.000000,0.000000,0.000000,0.000000,0.098583,0.112500,0.233824,0.000000,0.000000,0.000000,1.000000,0.605882,0.000000,0.000000,0.000000
9.050000,0.000000,0.533087,0.000000,0.000000,0.000000,0.000000,0.000000,0.103458,0.112500,0.233824,0.000000,0.000000,0.000000,1.000000,0.605882,0.000000,0.000000,0.000000
9.100000,0.000000,0.533087,0.000000,0.000000,0.000000,0.000000,0.000000,0.104411,0.112500,0.233824,0.000000,0.000000,0.000000,1.000000,0.609153,0.000000,0.000000,0.000000
9.150000,0.000000,0.533087,0.000000,0.000000,0.000000,0.000000,0.000000,0.104411,0.112500,0.233824,0.000000,0.000000,0.000000,1.000000,0.613217,0.000000,0.000000,0.000000
9.200000,0.000000,0.533087,0.000000,0.000000,0.000000,0.000000,0.000000,0.104411,0.112500,0.233824,0.000000,0.000000,0.000000,1.000000,0.617282,0.000000,0.000000,0.000000
9.250000,0.000000,0.533087,0.000000,0.000000,0.000000,0.000000,0.000000,0.104411,0.112500,0.233824,0.000000,0.000000,0.000000,1.000000,0.621346,0.000000,0.000000,0.000000
9.300000,0.000000,0.537204,0.000000,0.000000,0.000000,0.000000,0.000000,0.104411,0.112500,0.237940,0.000000,0.000000,0.000000,1.000000,0.622059,0.000000,0.000000,0.000000
9.350000,0.000000,0.542195,0.000000,0.000000,0.000000,0.000000,0.000000,0.104411,0.112500,0.242931,0.000000,0.000000,0.000000,1.000000,0.622059,0.000000,0.000000,0.000000
9.400000,0.000000,0.547187,0.000000,0.000000,0.000000,0.000000,0.000000,0.104411,0.112500,0.247922,0.000000,0.000000,0.000000,1.000000,0.622059,0.000000,0.000000,0.000000
9.450000,0.000000,0.549265,0.000000,0.000000,0.000000,0.000000,0.000000,0.104411,0.144365,0.250000,0.000000,0.000000,0.000000,1.000000,0.619162,0.000000,0.000000,0.000000
9.500000,0.000000,0.549265,0.000000,0.000000,0.000000,0.000000,0.000000,0.104411,0.198967,0.250000,0.000000,0.000000,0.000000,1.000000,0.614198,0.000000,0.000000,0.000000
9.550000,0.000000,0.549265,0.000000,0.000000,0.000000,0.000000,0.000000,0.104411,0.253568,0.250000,0.000000,0.000000,0.000000,1.000000,0.609235,0.000000,0.000000,0.000000
9.600000,0.000000,0.550856,0.000000,0.011863,0.000000,0.000000,0.000000,0.104411,0.296807,0.251591,0.000000,0.000000,0.000000,1.000000,0.607474,0.000000,0.000000,0.000000
9.650000,0.000000,0.555757,0.000000,0.048401,0.000000,0.000000,0.000000,0.104411,0.316413,0.256493,0.000000,0.000000,0.000000,1.000000,0.612375,0.000000,0.000000,0.000000
9.700000,0.000000,0.560658,0.000000,0.084938,0.000000,0.000000,0.000000,0.104411,0.336018,0.261395,0.000000,0.000000,0.000000,1.000000,0.617277,0.000000,0.000000,0.000000
9.750000,0.000000,0.565440,0.000000,0.120588,0.000000,0.000000,0.000000,0.104411,0.355928,0.266177,0.000000,0.000000,0.000000,1.000000,0.621977,0.000000,0.000000,0.000000
9.800000,0.000000,0.565440,0.000000,0.120588,0.000000,0.000000,0.000000,0.104411,0.388037,0.266177,0.000000,0.000000,0.000000,1.000000,0.618608,0.000000,0.000000,0.000000
9.850000,0.000000,0.565440,0.000000,0.120588,0.000000,0.000000,0.000000,0.104411,0.420146,0.266177,0.000000,0.000000,0.000000,1.000000,0.615240,0.000000,0.000000,0.000000
9.900000,0.000000,0.565440,0.000000,0.120588,0.000000,0.000000,0.000000,0.104411,0.452255,0.266177,0.000000,0.000000,0.000000,1.000000,0.611872,0.000000,0.000000,0.000000
9.950000,0.000000,0.565440,0.000000,0.120588,0.000000,0.000000,0.000000,0.104411,0.484364,0.266177,0.000000,0.000000,0.000000,1.000000,0.608503,0.000000,0.000000,0.000000
10.000000,0.000000,0.565440,0.000000,0.120588,0.000000,0.000000,0.000000,0.104411,0.505410,0.266177,0.000000,0.000000,0.000000,1.000000,0.605882,0.000000,0.000000,0.000000
10.050000,0.000000,0.565440,0.000000,0.120588,0.000000,0.000000,0.000000,0.104411,0.487675,0.266177,0.000000,0.000000,0.000000,1.000000,0.605882,0.000000,0.000000,0.000000
10.100000,0.000000,0.565440,0.000000,0.120588,0.000000,0.000000,0.000000,0.104411,0.469941,0.266177,0.000000,0.000000,0.000000,1.000000,0.605882,0.000000,0.000000,0.000000
10.150000,0.000000,0.565440,0.000000,0.120588,0.000000,0.000000,0.000000,0.104411,0.452206,0.266177,0.000000,0.000000,0.000000,1.000000,0.605882,0.000000,0.000000,0.000000
10.200000,0.000000,0.565440,0.000000,0.120588,0.000000,0.000000,0.000000,0.104411,0.518114,0.266177,0.000000,0.000000,0.000000,1.000000,0.600943,0.000000,0.000000,0.000000
10.250000,0.000000,0.565440,0.000000,0.120588,0.000000,0.000000,0.000000,0.104411,0.584021,0.266177,0.000000,0.000000,0.000000,1.000000,0.596004,0.000000,0.000000,0.000000
10.300000,0.000000,0.565440,0.000000,0.120588,0.000000,0.000000,0.000000,0.104411,0.649929,0.266177,0.000000,0.000000,0.000000,1.000000,0.591065,0.000000,0.000000,0.000000
10.350000,0.000000,0.568953,0.000000,0.120588,0.000000,0.000000,0.000000,0.104411,0.614175,0.269690,0.000000,0.000000,0.000000,1.000000,0.589705,0.000000,0.000000,0.000000
10.400000,0.000000,0.573801,0.000000,0.120588,0.000000,0.000000,0.000000,0.104411,0.539791,0.274538,0.000000,0.000000,0.000000,1.000000,0.589705,0.000000,0.000000,0.000000
10.450000,0.000000,0.578649,0.000000,0.120588,0.000000,0.000000,0.000000,0.104411,0.465407,0.279385,0.000000,0.000000,0.000000,1.000000,0.589705,0.000000,0.000000,0.000000
10.500000,0.000000,0.581617,0.000000,0.109693,0.000000,0.000000,0.000000,0.104411,0.391837,0.279241,0.000000,0.000000,0.000000,1.000000,0.592818,0.000000,0.000000,0.000000
10.550000,0.000000,0.581617,0.000000,0.081583,0.000000,0.000000,0.000000,0.104411,0.319554,0.271209,0.000000,0.000000,0.000000,1.000000,0.600850,0.000000,0.000000,0.000000
10.600000,0.000000,0.581617,0.000000,0.053473,0.000000,0.000000,0.000000,0.104411,0.247272,0.263178,0.000000,0.000000,0.000000,1.000000,0.608881,0.000000,0.000000,0.000000
10.650000,0.000000,0.581617,0.000000,0.025363,0.000000,0.000000,0.000000,0.104411,0.174989,0.255146,0.000000,0.000000,0.000000,1.000000,0.616913,0.000000,0.000000,0.000000
10.700000,0.000000,0.583403,0.000000,0.006541,0.000000,0.000000,0.000000,0.104411,0.130463,0.248215,0.000000,0.000000,0.000000,1.000000,0.623844,0.000000,0.000000,0.000000
10.750000,0.000000,0.588372,0.000000,0.004283,0.000000,0.000000,0.000000,0.104411,0.135431,0.243246,0.000000,0.000000,0.000000,1.000000,0.628813,0.000000,0.000000,0.000000
10.800000,0.000000,0.593341,0.000000,0.002024,0.000000,0.000000,0.000000,0.104411,0.140399,0.238277,0.000000,0.000000,0.000000,1.000000,0.633781,0.000000,0.000000,0.000000
10.850000,0.000000,0.000000,0.000000,0.000000,0.000000,0.000000,0.000000,0.000000,0.000000,0.000000,0.000000,0.000000,0.000000,0.000000,0.000000,0.000000,0.000000,0.000000
10.900000,0.000000,0.000000,0.000000,0.000000,0.000000,0.000000,0.000000,0.000000,0.000000,0.000000,0.000000,0.000000,0.000000,0.000000,0.000000,0.000000,0.000000,0.000000
10.950000,0.000000,0.000000,0.000000,0.000000,0.000000,0.000000,0.000000,0.000000,0.000000,0.000000,0.000000,0.000000,0.000000,0.000000,0.000000,0.000000,0.000000,0.000000
11.000000,0.000000,0.000000,0.000000,0.000000,0.000000,0.000000,0.000000,0.000000,0.000000,0.000000,0.000000,0.000000,0.000000,0.000000,0.000000,0.000000,0.000000,0.000000
11.050000,0.000000,0.000000,0.000000,0.000000,0.000000,0.000000,0.000000,0.000000,0.000000,0.000000,0.000000,0.000000,0.000000,0.000000,0.000000,0.000000,0.000000,0.000000
