timestamp,source_elapsed_s,action_elapsed_s,source_frame,phase,N001,N002,N003,N004,N005,N006,N007,N008,N009,N010,N011,N012,N013,N014,N015,N016,N017,N018,N019,N020,N021,N022,N023,N024,N025,N026,N027,N028,N029,N030,N031,N032,N033,N034,N035,N036,N037,N038,N039,N040,N041,N042,N043,N044,N045,N046,N047,N048,N049,N050,N051,N052,N053,N054,N055,N056,N057,N058,N059,N060,N061,N062,N063,N064,N065,N066,N067,N068,N069,N070,N071,N072,N073,N074,N075,N076,N077,N078,N079,N080,N081,N082,N083,N084,N085,N086,N087,N088,N089,N090,N091,N092,N093,N094,N095,N096
2026-09-14T11:36:45.392,77.316664,0.000000,107,baseline_context,0.000000,0.000000,0.000000,0.000000,0.000000,0.000000,0.000000,0.000000,0.000000,0.000000,0.000000,0.000000,0.000000,0.000000,0.000000,0.000000,0.000000,0.000000,0.000000,0.000000,0.000000,0.000000,0.000000,0.000000,0.000000,0.000000,0.000000,0.000000,0.000000,0.000000,0.000000,0.000000,0.000000,0.000000,0.000000,0.000000,0.000000,0.000000,0.000000,0.000000,0.000000,0.000000,0.000000,0.000000,0.000000,0.000000,0.000000,0.000000,0.000000,0.000000,0.000000,0.000000,0.000000,0.000000,0.000000,0.000000,0.000000,0.000000,0.000000,0.000000,0.000000,0.000000,0.000000,0.000000,0.000000,0.000000,0.000000,0.000000,0.000000,0.000000,0.000000,0.000000,0.000000,0.000000,0.000000,0.000000,0.000000,0.000000,0.000000,0.000000,0.000000,0.000000,0.000000,0.000000,0.000000,0.000000,0.000000,0.000000,0.000000,0.000000,0.000000,0.000000,0.000000,0.000000,0.000000,0.000000
2026-09-14T11:36:46.100,78.024586,0.707922,108,baseline_context,0.000000,0.000000,0.000000,0.000000,0.000000,0.000000,0.000000,0.000000,0.000000,0.000000,0.000000,0.000000,0.000000,0.000000,0.000000,0.000000,0.000000,0.000000,0.000000,0.000000,0.000000,0.000000,0.000000,0.000000,0.000000,0.000000,0.000000,0.000000,0.000000,0.000000,0.000000,0.000000,0.000000,0.000000,0.000000,0.000000,0.000000,0.000000,0.000000,0.000000,0.000000,0.000000,0.000000,0.000000,0.000000,0.000000,0.000000,0.000000,0.000000,0.000000,0.000000,0.000000,0.000000,0.000000,0.000000,0.000000,0.000000,0.000000,0.000000,0.000000,0.000000,0.000000,0.000000,0.000000,0.000000,0.000000,0.000000,0.000000,0.000000,0.000000,0.000000,0.000000,0.000000,0.000000,0.000000,0.000000,0.000000,0.000000,0.000000,0.000000,0.000000,0.000000,0.000000,0.000000,0.000000,0.000000,0.000000,0.000000,0.000000,0.000000,0.000000,0.000000,0.000000,0.000000,0.000000,0.000000
2026-09-14T11:36:46.808,78.731585,1.414921,109,contact,0.000000,0.000000,0.000000,0.000000,0.000000,0.000000,0.000000,0.000000,0.000000,0.000000,0.000000,0.114083,0.114083,0.000000,0.000000,0.000000,0.000000,0.000000,0.114083,0.237673,0.114093,0.114093,0.000000,0.000000,0.000000,0.000000,0.114083,0.114093,0.237693,0.114093,0.000000,0.000000,0.000000,0.000000,0.000000,0.114093,0.114093,0.000000,0.000000,0.000000,0.000000,0.000000,0.000000,0.000000,0.000000,0.000000,0.000000,0.000000,0.000000,0.000000,0.000000,0.000000,0.000000,0.000000,0.000000,0.000000,0.000000,0.000000,0.000000,0.000000,0.000000,0.000000,0.000000,0.000000,0.000000,0.000000,0.000000,0.000000,0.000000,0.000000,0.000000,0.000000,0.000000,0.000000,0.000000,0.000000,0.000000,0.000000,0.000000,0.000000,0.000000,0.000000,0.000000,0.000000,0.000000,0.000000,0.000000,0.000000,0.000000,0.000000,0.000000,0.000000,0.000000,0.000000,0.000000,0.000000
2026-09-14T11:36:47.516,79.436712,2.120048,110,contact,0.000000,0.000000,0.000000,0.000000,0.000000,0.000000,0.000000,0.000000,0.000000,0.000000,0.000000,0.114083,0.114083,0.000000,0.000000,0.000000,0.000000,0.000000,0.114083,0.237673,0.114093,0.114093,0.000000,0.000000,0.000000,0.000000,0.114083,0.114093,0.237693,0.114093,0.000000,0.000000,0.000000,0.000000,0.000000,0.114093,0.114093,0.000000,0.000000,0.000000,0.000000,0.000000,0.000000,0.000000,0.000000,0.000000,0.000000,0.000000,0.000000,0.000000,0.000000,0.000000,0.000000,0.000000,0.000000,0.000000,0.000000,0.000000,0.000000,0.000000,0.000000,0.000000,0.000000,0.000000,0.000000,0.000000,0.000000,0.000000,0.000000,0.000000,0.000000,0.000000,0.000000,0.000000,0.000000,0.000000,0.000000,0.000000,0.000000,0.000000,0.000000,0.000000,0.000000,0.000000,0.000000,0.000000,0.000000,0.000000,0.000000,0.000000,0.000000,0.000000,0.000000,0.000000,0.000000,0.000000
2026-09-14T11:36:48.232,80.149625,2.832961,111,contact,0.000000,0.000000,0.000000,0.000000,0.000000,0.000000,0.000000,0.000000,0.000000,0.000000,0.000000,0.114083,0.114083,0.000000,0.000000,0.000000,0.000000,0.000000,0.114083,0.237673,0.114093,0.114093,0.000000,0.000000,0.000000,0.000000,0.114083,0.114093,0.237693,0.114093,0.000000,0.000000,0.000000,0.000000,0.000000,0.114093,0.114093,0.000000,0.000000,0.000000,0.000000,0.000000,0.000000,0.000000,0.000000,0.000000,0.000000,0.000000,0.000000,0.000000,0.000000,0.000000,0.000000,0.000000,0.000000,0.000000,0.000000,0.000000,0.000000,0.000000,0.000000,0.000000,0.000000,0.000000,0.000000,0.000000,0.000000,0.000000,0.000000,0.000000,0.000000,0.000000,0.000000,0.000000,0.000000,0.000000,0.000000,0.000000,0.000000,0.000000,0.000000,0.000000,0.000000,0.000000,0.000000,0.000000,0.000000,0.000000,0.000000,0.000000,0.000000,0.000000,0.000000,0.000000,0.000000,0.000000
2026-09-14T11:36:48.944,80.861535,3.544871,112,contact,0.000000,0.000000,0.216330,0.450688,0.833333,0.400000,0.000000,0.000000,0.000000,0.000000,0.216330,0.400000,0.521727,0.400000,0.000000,0.000000,0.000000,0.000000,0.192000,0.250429,0.250429,0.250429,0.000000,0.000000,0.000000,0.000000,0.000000,0.120206,0.120206,0.000000,0.000000,0.000000,0.000000,0.000000,0.000000,0.000000,0.000000,0.000000,0.000000,0.000000,0.000000,0.000000,0.000000,0.000000,0.000000,0.000000,0.000000,0.000000,0.000000,0.000000,0.000000,0.000000,0.000000,0.000000,0.000000,0.000000,0.000000,0.000000,0.000000,0.000000,0.000000,0.000000,0.000000,0.000000,0.000000,0.000000,0.000000,0.000000,0.000000,0.000000,0.000000,0.000000,0.000000,0.000000,0.000000,0.000000,0.000000,0.000000,0.000000,0.000000,0.000000,0.000000,0.000000,0.000000,0.000000,0.000000,0.000000,0.000000,0.000000,0.000000,0.216330,0.400000,0.524231,0.400000,0.000000,0.000000
2026-09-14T11:36:49.662,81.574575,4.257911,113,peak,0.000000,0.000000,0.234885,0.489344,0.833333,0.400000,0.000000,0.000000,0.000000,0.000000,0.234885,0.400000,0.567335,0.400000,0.000000,0.000000,0.000000,0.000000,0.192000,0.272321,0.272321,0.272321,0.000000,0.000000,0.000000,0.000000,0.000000,0.130714,0.130714,0.000000,0.000000,0.000000,0.000000,0.000000,0.000000,0.000000,0.000000,0.000000,0.000000,0.000000,0.000000,0.000000,0.000000,0.000000,0.000000,0.000000,0.000000,0.000000,0.000000,0.000000,0.000000,0.000000,0.000000,0.000000,0.000000,0.000000,0.000000,0.000000,0.000000,0.000000,0.000000,0.000000,0.000000,0.000000,0.000000,0.000000,0.000000,0.000000,0.000000,0.000000,0.000000,0.000000,0.000000,0.000000,0.000000,0.000000,0.000000,0.000000,0.000000,0.000000,0.000000,0.000000,0.000000,0.000000,0.000000,0.000000,0.000000,0.000000,0.000000,0.000000,0.234885,0.400000,0.569691,0.400000,0.000000,0.000000
2026-09-14T11:36:50.374,82.286551,4.969887,114,contact,0.000000,0.000000,0.216330,0.450688,0.833333,0.400000,0.000000,0.000000,0.000000,0.000000,0.216330,0.400000,0.520781,0.400000,0.000000,0.000000,0.000000,0.000000,0.192000,0.249975,0.249975,0.249975,0.000000,0.000000,0.000000,0.000000,0.000000,0.119988,0.119988,0.000000,0.000000,0.000000,0.000000,0.000000,0.000000,0.000000,0.000000,0.000000,0.000000,0.000000,0.000000,0.000000,0.000000,0.000000,0.000000,0.000000,0.000000,0.000000,0.000000,0.000000,0.000000,0.000000,0.000000,0.000000,0.000000,0.000000,0.000000,0.000000,0.000000,0.000000,0.000000,0.000000,0.000000,0.000000,0.000000,0.000000,0.000000,0.000000,0.000000,0.000000,0.000000,0.000000,0.000000,0.000000,0.000000,0.000000,0.000000,0.000000,0.000000,0.000000,0.000000,0.000000,0.000000,0.000000,0.000000,0.000000,0.000000,0.000000,0.000000,0.000000,0.216330,0.400000,0.524231,0.400000,0.000000,0.000000
2026-09-14T11:36:51.082,82.993644,5.676980,115,contact,0.000000,0.000000,0.234885,0.489344,0.833333,0.400000,0.000000,0.000000,0.000000,0.000000,0.234885,0.400000,0.566444,0.400000,0.000000,0.000000,0.000000,0.000000,0.192000,0.271893,0.271893,0.271893,0.000000,0.000000,0.000000,0.000000,0.000000,0.130509,0.130509,0.000000,0.000000,0.000000,0.000000,0.000000,0.000000,0.000000,0.000000,0.000000,0.000000,0.000000,0.000000,0.000000,0.000000,0.000000,0.000000,0.000000,0.000000,0.000000,0.000000,0.000000,0.000000,0.000000,0.000000,0.000000,0.000000,0.000000,0.000000,0.000000,0.000000,0.000000,0.000000,0.000000,0.000000,0.000000,0.000000,0.000000,0.000000,0.000000,0.000000,0.000000,0.000000,0.000000,0.000000,0.000000,0.000000,0.000000,0.000000,0.000000,0.000000,0.000000,0.000000,0.000000,0.000000,0.000000,0.000000,0.000000,0.000000,0.000000,0.000000,0.000000,0.234885,0.400000,0.569691,0.400000,0.000000,0.000000
2026-09-14T11:36:51.791,83.700630,6.383966,116,contact,0.000000,0.000000,0.234885,0.489344,0.833333,0.400000,0.000000,0.000000,0.000000,0.000000,0.234885,0.400000,0.566444,0.400000,0.000000,0.000000,0.000000,0.000000,0.192000,0.271893,0.271893,0.271893,0.000000,0.000000,0.000000,0.000000,0.000000,0.130509,0.130509,0.000000,0.000000,0.000000,0.000000,0.000000,0.000000,0.000000,0.000000,0.000000,0.000000,0.000000,0.000000,0.000000,0.000000,0.000000,0.000000,0.000000,0.000000,0.000000,0.000000,0.000000,0.000000,0.000000,0.000000,0.000000,0.000000,0.000000,0.000000,0.000000,0.000000,0.000000,0.000000,0.000000,0.000000,0.000000,0.000000,0.000000,0.000000,0.000000,0.000000,0.000000,0.000000,0.000000,0.000000,0.000000,0.000000,0.000000,0.000000,0.000000,0.000000,0.000000,0.000000,0.000000,0.000000,0.000000,0.000000,0.000000,0.000000,0.000000,0.000000,0.000000,0.234885,0.400000,0.570959,0.400000,0.000000,0.000000
2026-09-14T11:36:52.511,84.421618,7.104954,117,contact,0.000000,0.000000,0.192000,0.400000,0.833333,0.400000,0.000000,0.000000,0.000000,0.000000,0.192000,0.400000,0.459241,0.400000,0.000000,0.000000,0.000000,0.000000,0.192000,0.220435,0.220435,0.220435,0.000000,0.000000,0.000000,0.000000,0.000000,0.105809,0.105809,0.000000,0.000000,0.000000,0.000000,0.000000,0.000000,0.000000,0.000000,0.000000,0.000000,0.000000,0.000000,0.000000,0.000000,0.000000,0.000000,0.000000,0.000000,0.000000,0.000000,0.000000,0.000000,0.000000,0.000000,0.000000,0.000000,0.000000,0.000000,0.000000,0.000000,0.000000,0.000000,0.000000,0.000000,0.000000,0.000000,0.000000,0.000000,0.000000,0.000000,0.000000,0.000000,0.000000,0.000000,0.000000,0.000000,0.000000,0.000000,0.000000,0.000000,0.000000,0.000000,0.000000,0.000000,0.000000,0.000000,0.000000,0.000000,0.000000,0.000000,0.000000,0.192000,0.400000,0.464490,0.400000,0.000000,0.000000
2026-09-14T11:36:53.219,85.128238,7.811574,118,contact,0.000000,0.000000,0.000000,0.000000,0.000000,0.000000,0.000000,0.000000,0.000000,0.000000,0.000000,0.114083,0.114083,0.000000,0.000000,0.000000,0.000000,0.000000,0.114083,0.237673,0.115235,0.115235,0.000000,0.000000,0.000000,0.000000,0.114083,0.115235,0.240072,0.115235,0.000000,0.000000,0.000000,0.000000,0.114083,0.237673,0.115235,0.115235,0.000000,0.000000,0.000000,0.000000,0.000000,0.000000,0.000000,0.000000,0.000000,0.000000,0.000000,0.000000,0.000000,0.000000,0.000000,0.000000,0.000000,0.000000,0.000000,0.000000,0.000000,0.000000,0.000000,0.000000,0.000000,0.000000,0.000000,0.000000,0.000000,0.000000,0.000000,0.000000,0.000000,0.000000,0.000000,0.000000,0.000000,0.000000,0.000000,0.000000,0.000000,0.000000,0.000000,0.000000,0.000000,0.000000,0.000000,0.000000,0.000000,0.000000,0.000000,0.000000,0.000000,0.246317,0.000000,0.000000,0.000000,0.000000
2026-09-14T11:36:53.931,85.835611,8.518947,119,contact,0.000000,0.000000,0.000000,0.118232,0.118232,0.000000,0.000000,0.000000,0.000000,0.000000,0.000000,0.114083,0.171387,0.171387,0.000000,0.000000,0.000000,0.000000,0.114083,0.237673,0.171387,0.357057,0.000000,0.000000,0.000000,0.000000,0.114083,0.117419,0.244623,0.171387,0.000000,0.000000,0.000000,0.000000,0.114083,0.237673,0.117419,0.117419,0.000000,0.000000,0.000000,0.000000,0.000000,0.000000,0.000000,0.000000,0.000000,0.000000,0.000000,0.000000,0.000000,0.000000,0.000000,0.000000,0.000000,0.000000,0.000000,0.000000,0.000000,0.000000,0.000000,0.000000,0.000000,0.000000,0.000000,0.000000,0.000000,0.000000,0.000000,0.000000,0.000000,0.000000,0.000000,0.000000,0.000000,0.000000,0.000000,0.000000,0.000000,0.000000,0.000000,0.000000,0.000000,0.000000,0.000000,0.000000,0.000000,0.000000,0.000000,0.000000,0.000000,0.246317,0.000000,0.000000,0.000000,0.000000
2026-09-14T11:36:54.643,86.547165,9.230501,120,baseline_context,0.000000,0.000000,0.000000,0.000000,0.000000,0.000000,0.000000,0.000000,0.000000,0.000000,0.000000,0.000000,0.000000,0.000000,0.000000,0.000000,0.000000,0.000000,0.000000,0.000000,0.000000,0.000000,0.000000,0.000000,0.000000,0.000000,0.000000,0.000000,0.000000,0.000000,0.000000,0.000000,0.000000,0.000000,0.000000,0.000000,0.000000,0.000000,0.000000,0.000000,0.000000,0.000000,0.000000,0.000000,0.000000,0.000000,0.000000,0.000000,0.000000,0.000000,0.000000,0.000000,0.000000,0.000000,0.000000,0.000000,0.000000,0.000000,0.000000,0.000000,0.000000,0.000000,0.000000,0.000000,0.000000,0.000000,0.000000,0.000000,0.000000,0.000000,0.000000,0.000000,0.000000,0.000000,0.000000,0.000000,0.000000,0.000000,0.000000,0.000000,0.000000,0.000000,0.000000,0.000000,0.000000,0.000000,0.000000,0.000000,0.000000,0.000000,0.000000,0.000000,0.000000,0.000000,0.000000,0.000000
2026-09-14T11:36:55.350,87.256251,9.939587,121,baseline_context,0.000000,0.000000,0.000000,0.000000,0.000000,0.000000,0.000000,0.000000,0.000000,0.000000,0.000000,0.000000,0.000000,0.000000,0.000000,0.000000,0.000000,0.000000,0.000000,0.000000,0.000000,0.000000,0.000000,0.000000,0.000000,0.000000,0.000000,0.000000,0.000000,0.000000,0.000000,0.000000,0.000000,0.000000,0.000000,0.000000,0.000000,0.000000,0.000000,0.000000,0.000000,0.000000,0.000000,0.000000,0.000000,0.000000,0.000000,0.000000,0.000000,0.000000,0.000000,0.000000,0.000000,0.000000,0.000000,0.000000,0.000000,0.000000,0.000000,0.000000,0.000000,0.000000,0.000000,0.000000,0.000000,0.000000,0.000000,0.000000,0.000000,0.000000,0.000000,0.000000,0.000000,0.000000,0.000000,0.000000,0.000000,0.000000,0.000000,0.000000,0.000000,0.000000,0.000000,0.000000,0.000000,0.000000,0.000000,0.000000,0.000000,0.000000,0.000000,0.000000,0.000000,0.000000,0.000000,0.000000
