time_s,round,row,column,adc_u8,voltage_v
0.001868,0,1,1,139,1.798824
0.056656,0,1,3,119,1.540000
0.105593,0,1,5,134,1.734118
0.154590,0,1,7,0,0.000000
0.204625,0,1,9,138,1.785882
0.256644,0,1,11,135,1.747059
0.306690,0,3,1,140,1.811765
0.355677,0,3,3,137,1.772941
0.405690,0,3,5,131,1.695294
0.456702,0,3,7,139,1.798824
0.505678,0,3,9,138,1.785882
0.555767,0,3,11,132,1.708235
0.606701,0,5,1,138,1.785882
0.656727,0,5,3,141,1.824706
0.703635,0,5,5,137,1.772941
0.756705,0,5,7,140,1.811765
0.806721,0,5,9,138,1.785882
0.855794,0,5,11,137,1.772941
0.905791,0,7,1,139,1.798824
0.956732,0,7,3,139,1.798824
1.001858,0,7,5,138,1.785882
1.052820,0,7,7,140,1.811765
1.106649,0,7,9,138,1.785882
1.155679,0,7,11,141,1.824706
1.201740,0,9,1,138,1.785882
1.255808,0,9,3,70,0.905882
1.304737,0,9,5,138,1.785882
1.354712,0,9,7,82,1.061176
1.404908,0,9,9,140,1.811765
1.455919,0,9,11,137,1.772941
1.507115,0,11,1,141,1.824706
1.555742,0,11,3,125,1.617647
1.607068,0,11,5,18,0.232941
1.655855,0,11,7,97,1.255294
1.705813,0,11,9,139,1.798824
1.755767,0,11,11,139,1.798824
1.804888,1,1,1,141,1.824706
1.856817,1,1,3,119,1.540000
1.904870,1,1,5,134,1.734118
1.956797,1,1,7,0,0.000000
2.006762,1,1,9,138,1.785882
2.055810,1,1,11,138,1.785882
2.105963,1,3,1,141,1.824706
2.155857,1,3,3,135,1.747059
2.204862,1,3,5,131,1.695294
2.254805,1,3,7,140,1.811765
2.306797,1,3,9,140,1.811765
2.354713,1,3,11,132,1.708235
2.403986,1,5,1,142,1.837647
2.451790,1,5,3,138,1.785882
2.506807,1,5,5,137,1.772941
2.551821,1,5,7,140,1.811765
2.606721,1,5,9,138,1.785882
2.654034,1,5,11,141,1.824706
2.703711,1,7,1,137,1.772941
2.756826,1,7,3,140,1.811765
2.804884,1,7,5,137,1.772941
2.855816,1,7,7,140,1.811765
2.905805,1,7,9,138,1.785882
2.954865,1,7,11,140,1.811765
3.006774,1,9,1,142,1.837647
3.055912,1,9,3,70,0.905882
3.104913,1,9,5,139,1.798824
3.155926,1,9,7,82,1.061176
3.206798,1,9,9,142,1.837647
3.255859,1,9,11,137,1.772941
3.306861,1,11,1,142,1.837647
3.355814,1,11,3,126,1.630588
3.404895,1,11,5,18,0.232941
3.454905,1,11,7,98,1.268235
3.505872,1,11,9,138,1.785882
3.556742,1,11,11,138,1.785882
3.606783,2,1,1,138,1.785882
3.655843,2,1,3,112,1.449412
3.704738,2,1,5,138,1.785882
3.755676,2,1,7,0,0.000000
3.805710,2,1,9,139,1.798824
3.855705,2,1,11,140,1.811765
3.903638,2,3,1,142,1.837647
3.954670,2,3,3,139,1.798824
4.003702,2,3,5,137,1.772941
4.054814,2,3,7,141,1.824706
4.104744,2,3,9,140,1.811765
4.154730,2,3,11,140,1.811765
4.201698,2,5,1,141,1.824706
4.255858,2,5,3,141,1.824706
4.306880,2,5,5,138,1.785882
4.352781,2,5,7,139,1.798824
4.404717,2,5,9,138,1.785882
4.452672,2,5,11,137,1.772941
4.501632,2,7,1,138,1.785882
4.554735,2,7,3,140,1.811765
4.604644,2,7,5,138,1.785882
4.654886,2,7,7,140,1.811765
4.705846,2,7,9,139,1.798824
4.751680,2,7,11,138,1.785882
4.803706,2,9,1,142,1.837647
4.852721,2,9,3,70,0.905882
4.904692,2,9,5,136,1.760000
4.951688,2,9,7,82,1.061176
5.006654,2,9,9,141,1.824706
5.054683,2,9,11,136,1.760000
5.104715,2,11,1,142,1.837647
5.155697,2,11,3,126,1.630588
5.205684,2,11,5,15,0.194118
5.255744,2,11,7,108,1.397647
5.304733,2,11,9,141,1.824706
5.355642,2,11,11,135,1.747059
5.404715,3,1,1,140,1.811765
5.456714,3,1,3,118,1.527059
5.505729,3,1,5,134,1.734118
5.556691,3,1,7,0,0.000000
5.601719,3,1,9,142,1.837647
5.654707,3,1,11,137,1.772941
5.702731,3,3,1,140,1.811765
5.752753,3,3,3,139,1.798824
5.806791,3,3,5,136,1.760000
5.853950,3,3,7,140,1.811765
5.906725,3,3,9,142,1.837647
5.956666,3,3,11,140,1.811765
6.006644,3,5,1,137,1.772941
6.054758,3,5,3,140,1.811765
6.104798,3,5,5,138,1.785882
6.155725,3,5,7,140,1.811765
6.205702,3,5,9,138,1.785882
6.254757,3,5,11,138,1.785882
6.304707,3,7,1,138,1.785882
6.354691,3,7,3,141,1.824706
6.406765,3,7,5,142,1.837647
6.456733,3,7,7,140,1.811765
6.501718,3,7,9,139,1.798824
6.556685,3,7,11,138,1.785882
6.606665,3,9,1,142,1.837647
6.651686,3,9,3,69,0.892941
6.704712,3,9,5,136,1.760000
6.756688,3,9,7,82,1.061176
6.804740,3,9,9,142,1.837647
6.854762,3,9,11,136,1.760000
6.904756,3,11,1,142,1.837647
6.956781,3,11,3,125,1.617647
7.005868,3,11,5,15,0.194118
7.055769,3,11,7,106,1.371765
7.106670,3,11,9,142,1.837647
7.154799,3,11,11,137,1.772941
7.206857,4,1,1,142,1.837647
7.257029,4,1,3,118,1.527059
7.306664,4,1,5,134,1.734118
7.356640,4,1,7,0,0.000000
7.406665,4,1,9,138,1.785882
7.456660,4,1,11,140,1.811765
7.504698,4,3,1,139,1.798824
7.555880,4,3,3,140,1.811765
7.604748,4,3,5,136,1.760000
7.655680,4,3,7,140,1.811765
7.706682,4,3,9,140,1.811765
7.756667,4,3,11,135,1.747059
7.804716,4,5,1,138,1.785882
7.856703,4,5,3,140,1.811765
7.906695,4,5,5,138,1.785882
7.956658,4,5,7,140,1.811765
8.005870,4,5,9,139,1.798824
8.055664,4,5,11,138,1.785882
8.102839,4,7,1,141,1.824706
8.156830,4,7,3,140,1.811765
8.202844,4,7,5,138,1.785882
8.255679,4,7,7,140,1.811765
8.305644,4,7,9,139,1.798824
8.354708,4,7,11,137,1.772941
8.402701,4,9,1,142,1.837647
8.451760,4,9,3,69,0.892941
8.504735,4,9,5,135,1.747059
8.554745,4,9,7,81,1.048235
8.601739,4,9,9,141,1.824706
8.656708,4,9,11,137,1.772941
8.704807,4,11,1,142,1.837647
8.755712,4,11,3,125,1.617647
8.803766,4,11,5,15,0.194118
8.854733,4,11,7,106,1.371765
8.905681,4,11,9,141,1.824706
8.956723,4,11,11,140,1.811765
9.004740,5,1,1,139,1.798824
9.056660,5,1,3,119,1.540000
9.106726,5,1,5,134,1.734118
9.156718,5,1,7,0,0.000000
9.201730,5,1,9,140,1.811765
9.252799,5,1,11,137,1.772941
9.305872,5,3,1,142,1.837647
9.354744,5,3,3,141,1.824706
9.406687,5,3,5,138,1.785882
9.454717,5,3,7,140,1.811765
9.504727,5,3,9,141,1.824706
9.552750,5,3,11,140,1.811765
9.604722,5,5,1,140,1.811765
9.652753,5,5,3,140,1.811765
9.704732,5,5,5,139,1.798824
9.754713,5,5,7,140,1.811765
9.806655,5,5,9,138,1.785882
9.854823,5,5,11,138,1.785882
9.906762,5,7,1,141,1.824706
9.956721,5,7,3,140,1.811765
10.004737,5,7,5,140,1.811765
10.054885,5,7,7,140,1.811765
10.102708,5,7,9,138,1.785882
10.154774,5,7,11,141,1.824706
10.204757,5,9,1,142,1.837647
10.255860,5,9,3,69,0.892941
10.305883,5,9,5,135,1.747059
10.354748,5,9,7,81,1.048235
10.406888,5,9,9,142,1.837647
10.455865,5,9,11,138,1.785882
10.505790,5,11,1,141,1.824706
10.553773,5,11,3,125,1.617647
10.606704,5,11,5,14,0.181176
10.655663,5,11,7,105,1.358824
10.706701,5,11,9,142,1.837647
10.752786,5,11,11,137,1.772941
10.804743,6,1,1,142,1.837647
10.854840,6,1,3,119,1.540000
10.904705,6,1,5,134,1.734118
10.955660,6,1,7,0,0.000000
11.004003,6,1,9,140,1.811765
11.054741,6,1,11,138,1.785882
11.103697,6,3,1,141,1.824706
11.156768,6,3,3,139,1.798824
11.206723,6,3,5,135,1.747059
11.252731,6,3,7,139,1.798824
11.304833,6,3,9,141,1.824706
11.355677,6,3,11,136,1.760000
11.403804,6,5,1,139,1.798824
11.456707,6,5,3,141,1.824706
11.506769,6,5,5,138,1.785882
11.556842,6,5,7,140,1.811765
11.605820,6,5,9,139,1.798824
11.656774,6,5,11,140,1.811765
11.702796,6,7,1,137,1.772941
11.755744,6,7,3,142,1.837647
11.801778,6,7,5,137,1.772941
11.851749,6,7,7,140,1.811765
11.904877,6,7,9,139,1.798824
11.954816,6,7,11,140,1.811765
12.004866,6,9,1,142,1.837647
12.056790,6,9,3,69,0.892941
12.105713,6,9,5,135,1.747059
12.156796,6,9,7,80,1.035294
12.203721,6,9,9,142,1.837647
12.251773,6,9,11,138,1.785882
12.306796,6,11,1,141,1.824706
12.354810,6,11,3,125,1.617647
12.406784,6,11,5,14,0.181176
12.454847,6,11,7,105,1.358824
12.504804,6,11,9,142,1.837647
12.555820,6,11,11,136,1.760000
12.604839,7,1,1,138,1.785882
12.656866,7,1,3,119,1.540000
12.701890,7,1,5,134,1.734118
12.756901,7,1,7,0,0.000000
12.806873,7,1,9,138,1.785882
12.855933,7,1,11,138,1.785882
12.905051,7,3,1,142,1.837647
12.956900,7,3,3,139,1.798824
13.005917,7,3,5,136,1.760000
13.056787,7,3,7,140,1.811765
13.105719,7,3,9,142,1.837647
13.155870,7,3,11,139,1.798824
13.204732,7,5,1,139,1.798824
13.253827,7,5,3,142,1.837647
13.304860,7,5,5,139,1.798824
13.356843,7,5,7,140,1.811765
13.405864,7,5,9,138,1.785882
13.454901,7,5,11,137,1.772941
13.506885,7,7,1,137,1.772941
13.557007,7,7,3,141,1.824706
13.601786,7,7,5,138,1.785882
13.654965,7,7,7,140,1.811765
13.705037,7,7,9,138,1.785882
13.755912,7,7,11,138,1.785882
13.803867,7,9,1,141,1.824706
13.855879,7,9,3,69,0.892941
13.904832,7,9,5,135,1.747059
13.955922,7,9,7,81,1.048235
14.004989,7,9,9,142,1.837647
14.055753,7,9,11,137,1.772941
14.105970,7,11,1,142,1.837647
14.155925,7,11,3,125,1.617647
14.203987,7,11,5,14,0.181176
14.255818,7,11,7,105,1.358824
14.304794,7,11,9,142,1.837647
14.355040,7,11,11,136,1.760000
14.406882,8,1,1,138,1.785882
14.455845,8,1,3,119,1.540000
14.505834,8,1,5,134,1.734118
14.554802,8,1,7,0,0.000000
14.603800,8,1,9,140,1.811765
14.655765,8,1,11,136,1.760000
14.704760,8,3,1,142,1.837647
14.755758,8,3,3,140,1.811765
14.804798,8,3,5,136,1.760000
14.854823,8,3,7,140,1.811765
14.904776,8,3,9,142,1.837647
14.954944,8,3,11,136,1.760000
15.006808,8,5,1,141,1.824706
15.054854,8,5,3,140,1.811765
15.102790,8,5,5,137,1.772941
15.156758,8,5,7,140,1.811765
15.204694,8,5,9,138,1.785882
15.254714,8,5,11,137,1.772941
15.305707,8,7,1,142,1.837647
15.354693,8,7,3,142,1.837647
15.404689,8,7,5,139,1.798824
15.455758,8,7,7,140,1.811765
15.506794,8,7,9,139,1.798824
15.555833,8,7,11,140,1.811765
15.604830,8,9,1,142,1.837647
15.656960,8,9,3,69,0.892941
15.706889,8,9,5,135,1.747059
15.755754,8,9,7,80,1.035294
15.804855,8,9,9,141,1.824706
15.856760,8,9,11,135,1.747059
15.904925,8,11,1,141,1.824706
15.954994,8,11,3,124,1.604706
16.006878,8,11,5,14,0.181176
16.052752,8,11,7,105,1.358824
16.106757,8,11,9,143,1.850588
16.155708,8,11,11,137,1.772941
16.205760,9,1,1,140,1.811765
16.254814,9,1,3,119,1.540000
16.304746,9,1,5,134,1.734118
16.354703,9,1,7,0,0.000000
16.405689,9,1,9,138,1.785882
16.456815,9,1,11,139,1.798824
16.505824,9,3,1,142,1.837647
16.554789,9,3,3,137,1.772941
16.604809,9,3,5,135,1.747059
16.655860,9,3,7,140,1.811765
16.702831,9,3,9,141,1.824706
16.755984,9,3,11,138,1.785882
16.805930,9,5,1,140,1.811765
16.854836,9,5,3,141,1.824706
16.904837,9,5,5,138,1.785882
16.951812,9,5,7,140,1.811765
17.004778,9,5,9,138,1.785882
17.055863,9,5,11,138,1.785882
17.104856,9,7,1,142,1.837647
17.156822,9,7,3,140,1.811765
17.205841,9,7,5,137,1.772941
17.254961,9,7,7,140,1.811765
17.304861,9,7,9,139,1.798824
17.352872,9,7,11,140,1.811765
17.406821,9,9,1,142,1.837647
17.454892,9,9,3,69,0.892941
17.504880,9,9,5,135,1.747059
17.556846,9,9,7,80,1.035294
17.606830,9,9,9,141,1.824706
17.654861,9,9,11,137,1.772941
17.705928,9,11,1,142,1.837647
17.754855,9,11,3,124,1.604706
17.802802,9,11,5,14,0.181176
17.854898,9,11,7,105,1.358824
17.906840,9,11,9,142,1.837647
17.953766,9,11,11,140,1.811765
18.006780,10,1,1,139,1.798824
18.054864,10,1,3,119,1.540000
18.104863,10,1,5,134,1.734118
18.154828,10,1,7,0,0.000000
18.201814,10,1,9,138,1.785882
18.254830,10,1,11,137,1.772941
18.304916,10,3,1,139,1.798824
18.354840,10,3,3,140,1.811765
18.404900,10,3,5,135,1.747059
18.456856,10,3,7,140,1.811765
18.504924,10,3,9,140,1.811765
18.555827,10,3,11,136,1.760000
18.605832,10,5,1,142,1.837647
18.656828,10,5,3,138,1.785882
18.704858,10,5,5,139,1.798824
18.754831,10,5,7,140,1.811765
18.804882,10,5,9,138,1.785882
18.854817,10,5,11,138,1.785882
18.902810,10,7,1,137,1.772941
18.951804,10,7,3,142,1.837647
19.006769,10,7,5,138,1.785882
19.056020,10,7,7,140,1.811765
19.104898,10,7,9,138,1.785882
19.152835,10,7,11,139,1.798824
19.204789,10,9,1,138,1.785882
19.256931,10,9,3,69,0.892941
19.305837,10,9,5,135,1.747059
19.356779,10,9,7,80,1.035294
19.404739,10,9,9,142,1.837647
19.454742,10,9,11,141,1.824706
19.508595,10,11,1,142,1.837647
19.554728,10,11,3,125,1.617647
19.604755,10,11,5,14,0.181176
19.656781,10,11,7,105,1.358824
19.706790,10,11,9,143,1.850588
19.751895,10,11,11,138,1.785882
19.804766,11,1,1,140,1.811765
19.856898,11,1,3,119,1.540000
19.901834,11,1,5,134,1.734118
19.954863,11,1,7,0,0.000000
20.005098,11,1,9,142,1.837647
20.055021,11,1,11,137,1.772941
20.106922,11,3,1,139,1.798824
20.154903,11,3,3,141,1.824706
20.201864,11,3,5,135,1.747059
20.254045,11,3,7,140,1.811765
20.305002,11,3,9,142,1.837647
20.356881,11,3,11,139,1.798824
20.406890,11,5,1,141,1.824706
20.454614,11,5,3,140,1.811765
20.506263,11,5,5,138,1.785882
20.556909,11,5,7,140,1.811765
20.606051,11,5,9,138,1.785882
20.654921,11,5,11,138,1.785882
20.706029,11,7,1,142,1.837647
20.755013,11,7,3,142,1.837647
20.805946,11,7,5,138,1.785882
20.856011,11,7,7,140,1.811765
20.905031,11,7,9,139,1.798824
20.955895,11,7,11,140,1.811765
21.001971,11,9,1,142,1.837647
21.055837,11,9,3,69,0.892941
21.105085,11,9,5,135,1.747059
21.154408,11,9,7,80,1.035294
21.204990,11,9,9,141,1.824706
21.256865,11,9,11,135,1.747059
21.306086,11,11,1,140,1.811765
21.356880,11,11,3,125,1.617647
21.407027,11,11,5,14,0.181176
21.454938,11,11,7,104,1.345882
21.505896,11,11,9,142,1.837647
21.555903,11,11,11,140,1.811765
21.605879,12,1,1,141,1.824706
21.654986,12,1,3,119,1.540000
21.704983,12,1,5,133,1.721176
21.755016,12,1,7,0,0.000000
21.805000,12,1,9,139,1.798824
21.856962,12,1,11,138,1.785882
21.906926,12,3,1,141,1.824706
21.951824,12,3,3,138,1.785882
22.005993,12,3,5,135,1.747059
22.055943,12,3,7,140,1.811765
22.104929,12,3,9,142,1.837647
22.156869,12,3,11,136,1.760000
22.204876,12,5,1,142,1.837647
22.254817,12,5,3,140,1.811765
22.306837,12,5,5,138,1.785882
22.354813,12,5,7,140,1.811765
22.405034,12,5,9,138,1.785882
22.454966,12,5,11,140,1.811765
22.505008,12,7,1,138,1.785882
22.555978,12,7,3,140,1.811765
22.605832,12,7,5,138,1.785882
22.655909,12,7,7,140,1.811765
22.705937,12,7,9,138,1.785882
22.755924,12,7,11,137,1.772941
22.805006,12,9,1,142,1.837647
22.856061,12,9,3,69,0.892941
22.905890,12,9,5,135,1.747059
22.955047,12,9,7,80,1.035294
23.006939,12,9,9,140,1.811765
23.054968,12,9,11,136,1.760000
23.101923,12,11,1,139,1.798824
23.155113,12,11,3,125,1.617647
23.207061,12,11,5,14,0.181176
23.256074,12,11,7,104,1.345882
23.306993,12,11,9,142,1.837647
23.353903,12,11,11,140,1.811765
23.405026,13,1,1,140,1.811765
23.457017,13,1,3,119,1.540000
23.506549,13,1,5,133,1.721176
23.555907,13,1,7,0,0.000000
23.605926,13,1,9,138,1.785882
23.655073,13,1,11,140,1.811765
23.706976,13,3,1,142,1.837647
23.754917,13,3,3,141,1.824706
23.803895,13,3,5,135,1.747059
23.856943,13,3,7,140,1.811765
23.902871,13,3,9,142,1.837647
23.956889,13,3,11,139,1.798824
24.001836,13,5,1,139,1.798824
24.055969,13,5,3,140,1.811765
24.105820,13,5,5,141,1.824706
24.154783,13,5,7,140,1.811765
24.203812,13,5,9,138,1.785882
24.254765,13,5,11,138,1.785882
24.306905,13,7,1,142,1.837647
24.355858,13,7,3,141,1.824706
24.403888,13,7,5,138,1.785882
24.454954,13,7,7,140,1.811765
24.506873,13,7,9,138,1.785882
24.554927,13,7,11,137,1.772941
24.606874,13,9,1,140,1.811765
24.656041,13,9,3,69,0.892941
24.706071,13,9,5,136,1.760000
24.754961,13,9,7,80,1.035294
24.806970,13,9,9,141,1.824706
24.852918,13,9,11,136,1.760000
24.905952,13,11,1,140,1.811765
24.956039,13,11,3,125,1.617647
25.006012,13,11,5,14,0.181176
25.053812,13,11,7,103,1.332941
25.106880,13,11,9,142,1.837647
25.156914,13,11,11,138,1.785882
25.205922,14,1,1,141,1.824706
25.254847,14,1,3,119,1.540000
25.304913,14,1,5,133,1.721176
25.354964,14,1,7,0,0.000000
25.404987,14,1,9,138,1.785882
25.456921,14,1,11,138,1.785882
25.504986,14,3,1,140,1.811765
25.556026,14,3,3,140,1.811765
25.606925,14,3,5,136,1.760000
25.654993,14,3,7,139,1.798824
25.704953,14,3,9,139,1.798824
25.756959,14,3,11,136,1.760000
25.806941,14,5,1,141,1.824706
25.851855,14,5,3,141,1.824706
25.905973,14,5,5,137,1.772941
25.955911,14,5,7,140,1.811765
26.005954,14,5,9,139,1.798824
26.056854,14,5,11,140,1.811765
26.104914,14,7,1,141,1.824706
26.155897,14,7,3,141,1.824706
26.205851,14,7,5,138,1.785882
26.254916,14,7,7,140,1.811765
26.304911,14,7,9,140,1.811765
26.356911,14,7,11,139,1.798824
26.406827,14,9,1,142,1.837647
26.456940,14,9,3,69,0.892941
26.505033,14,9,5,135,1.747059
26.554038,14,9,7,80,1.035294
26.605001,14,9,9,142,1.837647
26.656941,14,9,11,136,1.760000
26.706018,14,11,1,142,1.837647
26.757059,14,11,3,124,1.604706
26.805113,14,11,5,13,0.168235
26.855028,14,11,7,104,1.345882
26.907017,14,11,9,141,1.824706
26.955035,14,11,11,137,1.772941
27.004981,15,1,1,140,1.811765
27.054963,15,1,3,119,1.540000
27.106968,15,1,5,133,1.721176
27.155958,15,1,7,0,0.000000
27.206930,15,1,9,139,1.798824
27.257017,15,1,11,140,1.811765
27.305951,15,3,1,140,1.811765
27.355948,15,3,3,139,1.798824
27.405972,15,3,5,135,1.747059
27.455872,15,3,7,140,1.811765
27.505993,15,3,9,142,1.837647
27.556089,15,3,11,135,1.747059
27.604043,15,5,1,140,1.811765
27.655030,15,5,3,142,1.837647
27.705200,15,5,5,139,1.798824
27.756020,15,5,7,140,1.811765
27.802866,15,5,9,138,1.785882
27.854955,15,5,11,139,1.798824
27.904975,15,7,1,139,1.798824
27.956923,15,7,3,142,1.837647
28.005064,15,7,5,138,1.785882
28.057051,15,7,7,140,1.811765
28.106007,15,7,9,139,1.798824
28.152835,15,7,11,138,1.785882
28.205915,15,9,1,142,1.837647
28.255976,15,9,3,69,0.892941
28.304856,15,9,5,136,1.760000
28.354987,15,9,7,88,1.138824
28.404956,15,9,9,138,1.785882
28.455103,15,9,11,138,1.785882
28.504995,15,11,1,140,1.811765
28.556974,15,11,3,134,1.734118
28.607008,15,11,5,49,0.634118
28.656954,15,11,7,140,1.811765
28.705069,15,11,9,139,1.798824
28.755908,15,11,11,124,1.604706
28.805959,16,1,1,140,1.811765
28.855018,16,1,3,128,1.656471
28.904928,16,1,5,128,1.656471
28.954827,16,1,7,0,0.000000
29.006900,16,1,9,139,1.798824
29.054895,16,1,11,93,1.203529
29.104937,16,3,1,142,1.837647
29.155024,16,3,3,139,1.798824
29.205110,16,3,5,140,1.811765
29.255050,16,3,7,141,1.824706
29.305071,16,3,9,138,1.785882
29.355972,16,3,11,139,1.798824
29.403985,16,5,1,141,1.824706
29.455965,16,5,3,141,1.824706
29.503964,16,5,5,142,1.837647
29.554316,16,5,7,140,1.811765
29.606038,16,5,9,142,1.837647
29.654067,16,5,11,137,1.772941
29.706084,16,7,1,142,1.837647
29.756057,16,7,3,142,1.837647
29.805994,16,7,5,140,1.811765
29.855043,16,7,7,143,1.850588
29.905944,16,7,9,141,1.824706
29.956996,16,7,11,140,1.811765
30.003996,16,9,1,141,1.824706
30.055033,16,9,3,134,1.734118
30.106248,16,9,5,138,1.785882
30.156019,16,9,7,134,1.734118
30.205946,16,9,9,139,1.798824
30.255933,16,9,11,133,1.721176
30.306930,16,11,1,138,1.785882
30.356996,16,11,3,126,1.630588
30.404923,16,11,5,101,1.307059
30.455911,16,11,7,139,1.798824
30.506947,16,11,9,139,1.798824
30.556106,16,11,11,82,1.061176
30.605036,17,1,1,138,1.785882
30.656971,17,1,3,123,1.591765
30.706988,17,1,5,126,1.630588
30.755970,17,1,7,61,0.789412
30.805069,17,1,9,139,1.798824
30.854966,17,1,11,109,1.410588
30.905976,17,3,1,140,1.811765
30.956995,17,3,3,140,1.811765
31.005145,17,3,5,58,0.750588
31.055038,17,3,7,115,1.488235
31.103951,17,3,9,139,1.798824
31.155038,17,3,11,127,1.643529
31.205896,17,5,1,142,1.837647
31.255072,17,5,3,140,1.811765
31.304972,17,5,5,141,1.824706
31.354949,17,5,7,138,1.785882
31.403048,17,5,9,138,1.785882
31.454971,17,5,11,138,1.785882
31.506071,17,7,1,141,1.824706
31.555059,17,7,3,140,1.811765
31.605903,17,7,5,141,1.824706
31.656070,17,7,7,140,1.811765
31.706043,17,7,9,139,1.798824
31.754003,17,7,11,140,1.811765
31.806970,17,9,1,141,1.824706
31.856024,17,9,3,141,1.824706
31.907408,17,9,5,138,1.785882
31.957128,17,9,7,142,1.837647
32.004983,17,9,9,140,1.811765
32.053920,17,9,11,138,1.785882
32.107013,17,11,1,140,1.811765
32.155002,17,11,3,140,1.811765
32.204980,17,11,5,137,1.772941
32.255120,17,11,7,137,1.772941
32.307350,17,11,9,140,1.811765
32.351969,17,11,11,137,1.772941
32.407075,18,1,1,139,1.798824
32.455039,18,1,3,137,1.772941
32.505006,18,1,5,142,1.837647
32.556092,18,1,7,130,1.682353
32.603920,18,1,9,141,1.824706
32.655203,18,1,11,136,1.760000
32.705075,18,3,1,142,1.837647
32.756049,18,3,3,138,1.785882
32.805069,18,3,5,129,1.669412
32.856963,18,3,7,138,1.785882
32.905023,18,3,9,138,1.785882
32.955922,18,3,11,124,1.604706
33.006924,18,5,1,142,1.837647
33.055923,18,5,3,140,1.811765
33.107012,18,5,5,139,1.798824
33.155110,18,5,7,142,1.837647
33.205033,18,5,9,138,1.785882
33.255005,18,5,11,140,1.811765
33.305021,18,7,1,142,1.837647
33.356078,18,7,3,137,1.772941
33.407208,18,7,5,139,1.798824
33.455950,18,7,7,142,1.837647
33.505848,18,7,9,139,1.798824
33.551855,18,7,11,138,1.785882
33.601960,18,9,1,141,1.824706
33.654848,18,9,3,140,1.811765
33.707013,18,9,5,138,1.785882
33.757175,18,9,7,143,1.850588
33.805046,18,9,9,139,1.798824
33.857075,18,9,11,142,1.837647
33.905970,18,11,1,142,1.837647
33.957203,18,11,3,142,1.837647
34.004946,18,11,5,140,1.811765
34.056911,18,11,7,138,1.785882
34.104959,18,11,9,138,1.785882
34.155980,18,11,11,138,1.785882
34.205095,19,1,1,140,1.811765
34.254935,19,1,3,137,1.772941
34.304967,19,1,5,138,1.785882
34.355857,19,1,7,139,1.798824
34.403855,19,1,9,142,1.837647
34.454955,19,1,11,139,1.798824
34.506100,19,3,1,142,1.837647
34.555970,19,3,3,136,1.760000
34.605091,19,3,5,137,1.772941
34.655962,19,3,7,136,1.760000
34.704029,19,3,9,139,1.798824
34.757012,19,3,11,130,1.682353
34.806024,19,5,1,142,1.837647
34.855980,19,5,3,138,1.785882
34.905002,19,5,5,140,1.811765
34.955990,19,5,7,138,1.785882
35.005107,19,5,9,138,1.785882
35.053933,19,5,11,141,1.824706
35.106020,19,7,1,142,1.837647
35.156119,19,7,3,140,1.811765
35.206042,19,7,5,138,1.785882
35.255146,19,7,7,140,1.811765
35.307023,19,7,9,140,1.811765
35.355041,19,7,11,140,1.811765
35.405981,19,9,1,142,1.837647
35.451901,19,9,3,92,1.190588
35.507045,19,9,5,137,1.772941
35.555131,19,9,7,94,1.216471
35.605023,19,9,9,139,1.798824
35.657008,19,9,11,119,1.540000
35.704927,19,11,1,142,1.837647
35.757009,19,11,3,136,1.760000
35.804953,19,11,5,137,1.772941
35.855042,19,11,7,135,1.747059
35.906941,19,11,9,142,1.837647
35.956977,19,11,11,134,1.734118
36.006054,20,1,1,142,1.837647
36.056081,20,1,3,142,1.837647
36.106194,20,1,5,142,1.837647
36.155050,20,1,7,132,1.708235
36.207028,20,1,9,139,1.798824
36.256085,20,1,11,140,1.811765
36.305085,20,3,1,138,1.785882
36.357110,20,3,3,138,1.785882
36.404043,20,3,5,137,1.772941
36.456091,20,3,7,138,1.785882
36.505029,20,3,9,142,1.837647
36.556979,20,3,11,132,1.708235
36.606152,20,5,1,142,1.837647
36.656004,20,5,3,140,1.811765
36.704953,20,5,5,140,1.811765
36.755032,20,5,7,138,1.785882
36.804960,20,5,9,138,1.785882
36.855082,20,5,11,138,1.785882
36.907041,20,7,1,138,1.785882
36.955071,20,7,3,140,1.811765
37.005134,20,7,5,142,1.837647
37.052991,20,7,7,140,1.811765
37.105978,20,7,9,138,1.785882
37.155906,20,7,11,141,1.824706
37.205926,20,9,1,142,1.837647
37.254990,20,9,3,107,1.384706
37.306981,20,9,5,137,1.772941
37.355089,20,9,7,93,1.203529
37.403097,20,9,9,140,1.811765
37.455962,20,9,11,124,1.604706
37.506129,20,11,1,138,1.785882
37.552918,20,11,3,96,1.242353
37.605103,20,11,5,139,1.798824
37.656044,20,11,7,120,1.552941
37.706015,20,11,9,142,1.837647
37.755142,20,11,11,120,1.552941
37.806175,21,1,1,140,1.811765
37.855296,21,1,3,139,1.798824
37.907047,21,1,5,140,1.811765
37.955967,21,1,7,68,0.880000
38.005009,21,1,9,141,1.824706
38.054954,21,1,11,137,1.772941
38.104952,21,3,1,142,1.837647
38.151982,21,3,3,115,1.488235
38.205986,21,3,5,137,1.772941
38.256170,21,3,7,142,1.837647
38.302958,21,3,9,140,1.811765
38.354933,21,3,11,130,1.682353
38.404956,21,5,1,142,1.837647
38.452899,21,5,3,140,1.811765
38.504913,21,5,5,137,1.772941
38.555015,21,5,7,141,1.824706
38.605019,21,5,9,140,1.811765
38.654980,21,5,11,140,1.811765
38.705101,21,7,1,142,1.837647
38.754887,21,7,3,140,1.811765
38.805000,21,7,5,139,1.798824
38.852887,21,7,7,141,1.824706
38.905898,21,7,9,139,1.798824
38.957049,21,7,11,141,1.824706
39.002941,21,9,1,142,1.837647
39.054944,21,9,3,101,1.307059
39.104936,21,9,5,140,1.811765
39.154989,21,9,7,95,1.229412
39.204928,21,9,9,138,1.785882
39.255959,21,9,11,142,1.837647
39.304951,21,11,1,142,1.837647
39.357082,21,11,3,138,1.785882
39.405171,21,11,5,141,1.824706
39.454979,21,11,7,139,1.798824
39.504932,21,11,9,138,1.785882
39.552974,21,11,11,138,1.785882
39.605945,22,1,1,141,1.824706
39.651950,22,1,3,89,1.151765
39.705116,22,1,5,134,1.734118
39.755042,22,1,7,65,0.841176
39.805112,22,1,9,141,1.824706
39.851933,22,1,11,130,1.682353
39.905075,22,3,1,142,1.837647
39.955131,22,3,3,132,1.708235
40.002101,22,3,5,138,1.785882
40.055956,22,3,7,135,1.747059
40.104970,22,3,9,139,1.798824
40.156084,22,3,11,128,1.656471
40.204944,22,5,1,139,1.798824
40.256026,22,5,3,141,1.824706
40.305017,22,5,5,141,1.824706
40.352078,22,5,7,140,1.811765
40.403186,22,5,9,139,1.798824
40.455197,22,5,11,140,1.811765
40.504087,22,7,1,142,1.837647
40.555990,22,7,3,140,1.811765
40.606138,22,7,5,142,1.837647
40.655042,22,7,7,141,1.824706
40.703036,22,7,9,140,1.811765
40.755094,22,7,11,139,1.798824
40.807097,22,9,1,142,1.837647
40.856054,22,9,3,99,1.281176
40.906049,22,9,5,137,1.772941
40.956046,22,9,7,84,1.087059
41.006018,22,9,9,141,1.824706
41.055056,22,9,11,134,1.734118
41.102980,22,11,1,142,1.837647
41.157170,22,11,3,129,1.669412
41.205157,22,11,5,138,1.785882
41.256133,22,11,7,142,1.837647
41.304968,22,11,9,141,1.824706
41.355144,22,11,11,138,1.785882
41.406014,23,1,1,139,1.798824
41.455996,23,1,3,136,1.760000
41.504936,23,1,5,139,1.798824
41.555932,23,1,7,129,1.669412
41.604941,23,1,9,138,1.785882
41.656032,23,1,11,132,1.708235
41.706024,23,3,1,142,1.837647
41.753029,23,3,3,140,1.811765
41.804053,23,3,5,136,1.760000
41.854013,23,3,7,140,1.811765
41.905110,23,3,9,139,1.798824
41.955168,23,3,11,131,1.695294
42.006149,23,5,1,139,1.798824
42.054955,23,5,3,137,1.772941
42.104972,23,5,5,137,1.772941
42.155961,23,5,7,140,1.811765
42.203942,23,5,9,138,1.785882
42.256026,23,5,11,142,1.837647
42.305949,23,7,1,140,1.811765
42.356028,23,7,3,141,1.824706
42.407071,23,7,5,139,1.798824
42.456052,23,7,7,141,1.824706
42.507120,23,7,9,138,1.785882
42.557053,23,7,11,138,1.785882
42.604361,23,9,1,140,1.811765
42.654150,23,9,3,128,1.656471
42.706146,23,9,5,116,1.501176
42.755171,23,9,7,83,1.074118
42.806169,23,9,9,138,1.785882
42.857022,23,9,11,122,1.578824
42.906064,23,11,1,142,1.837647
42.956082,23,11,3,139,1.798824
43.005339,23,11,5,82,1.061176
43.056025,23,11,7,137,1.772941
43.106015,23,11,9,140,1.811765
43.156025,23,11,11,138,1.785882
43.205717,24,1,1,139,1.798824
43.255027,24,1,3,142,1.837647
43.306119,24,1,5,140,1.811765
43.356030,24,1,7,86,1.112941
43.406076,24,1,9,141,1.824706
43.452012,24,1,11,137,1.772941
43.505051,24,3,1,142,1.837647
43.555087,24,3,3,142,1.837647
43.607054,24,3,5,141,1.824706
43.655077,24,3,7,142,1.837647
43.702232,24,3,9,142,1.837647
43.753070,24,3,11,140,1.811765
43.807028,24,5,1,142,1.837647
43.855006,24,5,3,141,1.824706
43.903081,24,5,5,141,1.824706
43.955108,24,5,7,142,1.837647
44.005242,24,5,9,139,1.798824
44.055089,24,5,11,139,1.798824
44.104213,24,7,1,140,1.811765
44.155148,24,7,3,139,1.798824
44.205064,24,7,5,142,1.837647
44.256062,24,7,7,143,1.850588
44.303054,24,7,9,139,1.798824
44.355176,24,7,11,139,1.798824
44.405115,24,9,1,142,1.837647
44.455185,24,9,3,100,1.294118
44.501997,24,9,5,134,1.734118
44.555072,24,9,7,99,1.281176
44.603058,24,9,9,138,1.785882
44.655172,24,9,11,140,1.811765
44.704053,24,11,1,141,1.824706
44.757232,24,11,3,138,1.785882
44.805150,24,11,5,137,1.772941
44.856068,24,11,7,141,1.824706
44.907143,24,11,9,138,1.785882
44.952072,24,11,11,139,1.798824
45.006101,25,1,1,141,1.824706
