display_frame_1based,display_time_s,action_id,action_type,active_node_count,N001,N002,N003,N004,N005,N006,N007,N008,N009,N010,N011,N012,N013,N014,N015,N016,N017,N018,N019,N020,N021,N022,N023,N024,N025,N026,N027,N028,N029,N030,N031,N032,N033,N034,N035,N036,N037,N038,N039,N040,N041,N042,N043,N044,N045,N046,N047,N048,N049,N050,N051,N052,N053,N054,N055,N056,N057,N058,N059,N060,N061,N062,N063,N064,N065,N066,N067,N068,N069,N070,N071,N072,N073,N074,N075,N076,N077,N078,N079,N080,N081,N082,N083,N084,N085,N086,N087,N088,N089,N090,N091,N092,N093,N094,N095,N096,N097,N098,N099,N100,N101,N102,N103,N104,N105,N106,N107,N108,N109,N110,N111,N112,N113,N114,N115,N116,N117,N118,N119,N120,N121,N122,N123,N124,N125,N126,N127,N128,N129,N130,N131,N132
1,0.000000,RB001,palm_grab,0,,,,,,,,,,,,,,,,,,,,,,,,,,,,,,,,,,,,,,,,,,,,,,,,,,,,,,,,,,,,,,,,,,,,,,,,,,,,,,,,,,,,,,,,,,,,,,,,,,,,,,,,,,,,,,,,,,,,,,,,,,,,,,,,,,,,
2,0.050000,RB001,palm_grab,0,,,,,,,,,,,,,,,,,,,,,,,,,,,,,,,,,,,,,,,,,,,,,,,,,,,,,,,,,,,,,,,,,,,,,,,,,,,,,,,,,,,,,,,,,,,,,,,,,,,,,,,,,,,,,,,,,,,,,,,,,,,,,,,,,,,,
3,0.100000,RB001,palm_grab,0,,,,,,,,,,,,,,,,,,,,,,,,,,,,,,,,,,,,,,,,,,,,,,,,,,,,,,,,,,,,,,,,,,,,,,,,,,,,,,,,,,,,,,,,,,,,,,,,,,,,,,,,,,,,,,,,,,,,,,,,,,,,,,,,,,,,
4,0.150000,RB001,palm_grab,0,,,,,,,,,,,,,,,,,,,,,,,,,,,,,,,,,,,,,,,,,,,,,,,,,,,,,,,,,,,,,,,,,,,,,,,,,,,,,,,,,,,,,,,,,,,,,,,,,,,,,,,,,,,,,,,,,,,,,,,,,,,,,,,,,,,,
5,0.200000,RB001,palm_grab,0,,,,,,,,,,,,,,,,,,,,,,,,,,,,,,,,,,,,,,,,,,,,,,,,,,,,,,,,,,,,,,,,,,,,,,,,,,,,,,,,,,,,,,,,,,,,,,,,,,,,,,,,,,,,,,,,,,,,,,,,,,,,,,,,,,,,
6,0.250000,RB001,palm_grab,0,,,,,,,,,,,,,,,,,,,,,,,,,,,,,,,,,,,,,,,,,,,,,,,,,,,,,,,,,,,,,,,,,,,,,,,,,,,,,,,,,,,,,,,,,,,,,,,,,,,,,,,,,,,,,,,,,,,,,,,,,,,,,,,,,,,,
7,0.300000,RB001,palm_grab,0,,,,,,,,,,,,,,,,,,,,,,,,,,,,,,,,,,,,,,,,,,,,,,,,,,,,,,,,,,,,,,,,,,,,,,,,,,,,,,,,,,,,,,,,,,,,,,,,,,,,,,,,,,,,,,,,,,,,,,,,,,,,,,,,,,,,
8,0.350000,RB001,palm_grab,0,,,,,,,,,,,,,,,,,,,,,,,,,,,,,,,,,,,,,,,,,,,,,,,,,,,,,,,,,,,,,,,,,,,,,,,,,,,,,,,,,,,,,,,,,,,,,,,,,,,,,,,,,,,,,,,,,,,,,,,,,,,,,,,,,,,,
9,0.400000,RB001,palm_grab,0,,,,,,,,,,,,,,,,,,,,,,,,,,,,,,,,,,,,,,,,,,,,,,,,,,,,,,,,,,,,,,,,,,,,,,,,,,,,,,,,,,,,,,,,,,,,,,,,,,,,,,,,,,,,,,,,,,,,,,,,,,,,,,,,,,,,
10,0.450000,RB001,palm_grab,0,,,,,,,,,,,,,,,,,,,,,,,,,,,,,,,,,,,,,,,,,,,,,,,,,,,,,,,,,,,,,,,,,,,,,,,,,,,,,,,,,,,,,,,,,,,,,,,,,,,,,,,,,,,,,,,,,,,,,,,,,,,,,,,,,,,,
11,0.500000,RB001,palm_grab,0,,,,,,,,,,,,,,,,,,,,,,,,,,,,,,,,,,,,,,,,,,,,,,,,,,,,,,,,,,,,,,,,,,,,,,,,,,,,,,,,,,,,,,,,,,,,,,,,,,,,,,,,,,,,,,,,,,,,,,,,,,,,,,,,,,,,
12,0.550000,RB001,palm_grab,0,,,,,,,,,,,,,,,,,,,,,,,,,,,,,,,,,,,,,,,,,,,,,,,,,,,,,,,,,,,,,,,,,,,,,,,,,,,,,,,,,,,,,,,,,,,,,,,,,,,,,,,,,,,,,,,,,,,,,,,,,,,,,,,,,,,,
13,0.600000,RB001,palm_grab,0,,,,,,,,,,,,,,,,,,,,,,,,,,,,,,,,,,,,,,,,,,,,,,,,,,,,,,,,,,,,,,,,,,,,,,,,,,,,,,,,,,,,,,,,,,,,,,,,,,,,,,,,,,,,,,,,,,,,,,,,,,,,,,,,,,,,
14,0.650000,RB001,palm_grab,0,,,,,,,,,,,,,,,,,,,,,,,,,,,,,,,,,,,,,,,,,,,,,,,,,,,,,,,,,,,,,,,,,,,,,,,,,,,,,,,,,,,,,,,,,,,,,,,,,,,,,,,,,,,,,,,,,,,,,,,,,,,,,,,,,,,,
15,0.700000,RB001,palm_grab,0,,,,,,,,,,,,,,,,,,,,,,,,,,,,,,,,,,,,,,,,,,,,,,,,,,,,,,,,,,,,,,,,,,,,,,,,,,,,,,,,,,,,,,,,,,,,,,,,,,,,,,,,,,,,,,,,,,,,,,,,,,,,,,,,,,,,
16,0.750000,RB001,palm_grab,0,,,,,,,,,,,,,,,,,,,,,,,,,,,,,,,,,,,,,,,,,,,,,,,,,,,,,,,,,,,,,,,,,,,,,,,,,,,,,,,,,,,,,,,,,,,,,,,,,,,,,,,,,,,,,,,,,,,,,,,,,,,,,,,,,,,,
17,0.800000,RB001,palm_grab,0,,,,,,,,,,,,,,,,,,,,,,,,,,,,,,,,,,,,,,,,,,,,,,,,,,,,,,,,,,,,,,,,,,,,,,,,,,,,,,,,,,,,,,,,,,,,,,,,,,,,,,,,,,,,,,,,,,,,,,,,,,,,,,,,,,,,
18,0.850000,RB001,palm_grab,0,,,,,,,,,,,,,,,,,,,,,,,,,,,,,,,,,,,,,,,,,,,,,,,,,,,,,,,,,,,,,,,,,,,,,,,,,,,,,,,,,,,,,,,,,,,,,,,,,,,,,,,,,,,,,,,,,,,,,,,,,,,,,,,,,,,,
19,0.900000,RB001,palm_grab,0,,,,,,,,,,,,,,,,,,,,,,,,,,,,,,,,,,,,,,,,,,,,,,,,,,,,,,,,,,,,,,,,,,,,,,,,,,,,,,,,,,,,,,,,,,,,,,,,,,,,,,,,,,,,,,,,,,,,,,,,,,,,,,,,,,,,
20,0.950000,RB001,palm_grab,0,,,,,,,,,,,,,,,,,,,,,,,,,,,,,,,,,,,,,,,,,,,,,,,,,,,,,,,,,,,,,,,,,,,,,,,,,,,,,,,,,,,,,,,,,,,,,,,,,,,,,,,,,,,,,,,,,,,,,,,,,,,,,,,,,,,,
21,1.000000,RB001,palm_grab,0,,,,,,,,,,,,,,,,,,,,,,,,,,,,,,,,,,,,,,,,,,,,,,,,,,,,,,,,,,,,,,,,,,,,,,,,,,,,,,,,,,,,,,,,,,,,,,,,,,,,,,,,,,,,,,,,,,,,,,,,,,,,,,,,,,,,
22,1.050000,RB001,palm_grab,0,,,,,,,,,,,,,,,,,,,,,,,,,,,,,,,,,,,,,,,,,,,,,,,,,,,,,,,,,,,,,,,,,,,,,,,,,,,,,,,,,,,,,,,,,,,,,,,,,,,,,,,,,,,,,,,,,,,,,,,,,,,,,,,,,,,,
23,1.100000,RB001,palm_grab,0,,,,,,,,,,,,,,,,,,,,,,,,,,,,,,,,,,,,,,,,,,,,,,,,,,,,,,,,,,,,,,,,,,,,,,,,,,,,,,,,,,,,,,,,,,,,,,,,,,,,,,,,,,,,,,,,,,,,,,,,,,,,,,,,,,,,
24,1.150000,RB001,palm_grab,0,,,,,,,,,,,,,,,,,,,,,,,,,,,,,,,,,,,,,,,,,,,,,,,,,,,,,,,,,,,,,,,,,,,,,,,,,,,,,,,,,,,,,,,,,,,,,,,,,,,,,,,,,,,,,,,,,,,,,,,,,,,,,,,,,,,,
25,1.200000,RB001,palm_grab,10,,,,,,,,,,,,,,,,,,,,,,,,,,,,,,,,,,,,,,,,,,,,,,,,,,,,1.914776,,,1.795268,,,,,,1.985580,,,1.694063,1.756466,,,,,,,,,,1.764355,,1.783612,,,,,,,,1.984302,,1.805032,,1.653165,,,,,,,,,,,,,,,,,,,,,,,,,,,,,,,,,,,,,,,,,,,
26,1.250000,RB001,palm_grab,11,,,,,,,,,,,,,,,,,,,,,,,,,,,,,,,,,,,,,,,,,,,,,,,,,,,,1.891240,,,1.770217,,,,,,1.978222,,,1.624538,1.744563,,,,,,,,1.904785,,1.691854,,1.762890,,,,,,,,1.976998,,1.791073,,1.585371,,,,,,,,,,,,,,,,,,,,,,,,,,,,,,,,,,,,,,,,,,,
27,1.300000,RB001,palm_grab,12,,,,,,,,,,,,,,,,,,,,,,,,,,,,,,,,,,,,,,,,,,,,,,,,,,,,1.867704,,,1.745167,,,,,,1.970864,,,1.555013,1.732659,,1.824414,,,,,,1.900673,,1.619354,,1.742168,,,,,,,,1.969694,,1.777114,,1.517577,,,,,,,,,,,,,,,,,,,,,,,,,,,,,,,,,,,,,,,,,,,
28,1.350000,RB001,palm_grab,12,,,,,,,,,,,,,,,,,,,,,,,,,,,,,,,,,,,,,,,,,,,,,,,,,,,,1.844169,,,1.720116,,,,,,1.963505,,,1.485488,1.720756,,1.822033,,,,,,1.896561,,1.546853,,1.721445,,,,,,,,1.962390,,1.763155,,1.449784,,,,,,,,,,,,,,,,,,,,,,,,,,,,,,,,,,,,,,,,,,,
29,1.400000,RB001,palm_grab,12,,,,,,,,,,,,,,,,,,,,,,,,,,,,,,,,,,,,,,,,,,,,,,,,,,,,1.820633,,,1.695065,,,,,,1.956147,,,1.415963,1.708853,,1.819653,,,,,,1.892449,,1.474352,,1.700723,,,,,,,,1.955085,,1.749196,,1.381990,,,,,,,,,,,,,,,,,,,,,,,,,,,,,,,,,,,,,,,,,,,
30,1.450000,RB001,palm_grab,12,,,,,,,,,,,,,,,,,,,,,,,,,,,,,,,,,,,,,,,,,,,,,,,,,,,,1.797098,,,1.670015,,,,,,1.948789,,,1.346438,1.696950,,1.817272,,,,,,1.888337,,1.401851,,1.680001,,,,,,,,1.947781,,1.735237,,1.314197,,,,,,,,,,,,,,,,,,,,,,,,,,,,,,,,,,,,,,,,,,,
31,1.500000,RB001,palm_grab,12,,,,,,,,,,,,,,,,,,,,,,,,,,,,,,,,,,,,,,,,,,,,,,,,,,,,1.773562,,,1.644964,,,,,,1.941430,,,1.276913,1.685047,,1.814891,,,,,,1.884225,,1.329350,,1.659279,,,,,,,,1.940477,,1.721277,,1.246403,,,,,,,,,,,,,,,,,,,,,,,,,,,,,,,,,,,,,,,,,,,
32,1.550000,RB001,palm_grab,12,,,,,,,,,,,,,,,,,,,,,,,,,,,,,,,,,,,,,,,,,,,,,,,,,,,,1.750026,,,1.619913,,,,,,1.934072,,,1.207388,1.673144,,1.812511,,,,,,1.880113,,1.256850,,1.638556,,,,,,,,1.933173,,1.707318,,1.178609,,,,,,,,,,,,,,,,,,,,,,,,,,,,,,,,,,,,,,,,,,,
33,1.600000,RB001,palm_grab,12,,,,,,,,,,,,,,,,,,,,,,,,,,,,,,,,,,,,,,,,,,,,,,,,,,,,1.726491,,,1.594863,,,,,,1.926714,,,1.137863,1.661241,,1.810130,,,,,,1.876001,,1.184349,,1.617834,,,,,,,,1.925869,,1.693359,,1.110816,,,,,,,,,,,,,,,,,,,,,,,,,,,,,,,,,,,,,,,,,,,
34,1.650000,RB001,palm_grab,12,,,,,,,,,,,,,,,,,,,,,,,,,,,,,,,,,,,,,,,,,,,,,,,,,,,,1.702955,,,1.569812,,,,,,1.919356,,,1.068338,1.649338,,1.807750,,,,,,1.871889,,1.111848,,1.597112,,,,,,,,1.918565,,1.679400,,1.043022,,,,,,,,,,,,,,,,,,,,,,,,,,,,,,,,,,,,,,,,,,,
35,1.700000,RB001,palm_grab,12,,,,,,,,,,,,,,,,,,,,,,,,,,,,,,,,,,,,,,,,,,,,,,,,,,,,1.679419,,,1.544761,,,,,,1.911997,,,0.998812,1.637435,,1.805369,,,,,,1.867777,,1.039347,,1.576390,,,,,,,,1.911260,,1.665441,,0.975228,,,,,,,,,,,,,,,,,,,,,,,,,,,,,,,,,,,,,,,,,,,
36,1.750000,RB001,palm_grab,12,,,,,,,,,,,,,,,,,,,,,,,,,,,,,,,,,,,,,,,,,,,,,,,,,,,,1.655884,,,1.519711,,,,,,1.904639,,,0.929287,1.625531,,1.802988,,,,,,1.863665,,0.966847,,1.555667,,,,,,,,1.903956,,1.651482,,0.907435,,,,,,,,,,,,,,,,,,,,,,,,,,,,,,,,,,,,,,,,,,,
37,1.800000,RB001,palm_grab,12,,,,,,,,,,,,,,,,,,,,,,,,,,,,,,,,,,,,,,,,,,,,,,,,,,,,1.632348,,,1.494660,,,,,,1.897281,,,0.859762,1.613628,,1.800608,,,,,,1.859553,,0.894346,,1.534945,,,,,,,,1.896652,,1.637523,,0.839641,,,,,,,,,,,,,,,,,,,,,,,,,,,,,,,,,,,,,,,,,,,
38,1.850000,RB001,palm_grab,12,,,,,,,,,,,,,,,,,,,,,,,,,,,,,,,,,,,,,,,,,,,,,,,,,,,,1.608812,,,1.469609,,,,,,1.889922,,,0.790237,1.601725,,1.798227,,,,,,1.855441,,0.821845,,1.514223,,,,,,,,1.889348,,1.623563,,0.771847,,,,,,,,,,,,,,,,,,,,,,,,,,,,,,,,,,,,,,,,,,,
39,1.900000,RB001,palm_grab,12,,,,,,,,,,,,,,,,,,,,,,,,,,,,,,,,,,,,,,,,,,,,,,,,,,,,1.585277,,,1.444559,,,,,,1.882564,,,0.720712,1.589822,,1.795847,,,,,,1.851329,,0.749344,,1.493501,,,,,,,,1.882044,,1.609604,,0.704054,,,,,,,,,,,,,,,,,,,,,,,,,,,,,,,,,,,,,,,,,,,
40,1.950000,RB001,palm_grab,12,,,,,,,,,,,,,,,,,,,,,,,,,,,,,,,,,,,,,,,,,,,,,,,,,,,,1.561741,,,1.419508,,,,,,1.875206,,,0.651187,1.577919,,1.793466,,,,,,1.847217,,0.676843,,1.472779,,,,,,,,1.874739,,1.595645,,0.636260,,,,,,,,,,,,,,,,,,,,,,,,,,,,,,,,,,,,,,,,,,,
41,2.000000,RB001,palm_grab,12,,,,,,,,,,,,,,,,,,,,,,,,,,,,,,,,,,,,,,,,,,,,,,,,,,,,1.538205,,,1.394457,,,,,,1.867848,,,0.581662,1.566016,,1.791085,,,,,,1.843105,,0.604343,,1.452056,,,,,,,,1.867435,,1.581686,,0.568466,,,,,,,,,,,,,,,,,,,,,,,,,,,,,,,,,,,,,,,,,,,
42,2.050000,RB001,palm_grab,12,,,,,,,,,,,,,,,,,,,,,,,,,,,,,,,,,,,,,,,,,,,,,,,,,,,,1.514670,,,1.369407,,,,,,1.860489,,,0.512137,1.554113,,1.788705,,,,,,1.838993,,0.531842,,1.431334,,,,,,,,1.860131,,1.567727,,0.500673,,,,,,,,,,,,,,,,,,,,,,,,,,,,,,,,,,,,,,,,,,,
43,2.100000,RB001,palm_grab,12,,,,,,,,,,,,,,,,,,,,,,,,,,,,,,,,,,,,,,,,,,,,,,,,,,,,1.491134,,,1.344356,,,,,,1.853131,,,0.442612,1.542210,,1.786324,,,,,,1.834881,,0.459341,,1.410612,,,,,,,,1.852827,,1.553768,,0.432879,,,,,,,,,,,,,,,,,,,,,,,,,,,,,,,,,,,,,,,,,,,
44,2.150000,RB001,palm_grab,12,,,,,,,,,,,,,,,,,,,,,,,,,,,,,,,,,,,,,,,,,,,,,,,,,,,,1.467598,,,1.319305,,,,,,1.845773,,,0.373087,1.530306,,1.783943,,,,,,1.830769,,0.386840,,1.389890,,,,,,,,1.845523,,1.539809,,0.365086,,,,,,,,,,,,,,,,,,,,,,,,,,,,,,,,,,,,,,,,,,,
45,2.200000,RB001,palm_grab,12,,,,,,,,,,,,,,,,,,,,,,,,,,,,,,,,,,,,,,,,,,,,,,,,,,,,1.444063,,,1.294255,,,,,,1.838414,,,0.303562,1.518403,,1.781563,,,,,,1.826657,,0.314340,,1.369167,,,,,,,,1.838218,,1.525850,,0.297292,,,,,,,,,,,,,,,,,,,,,,,,,,,,,,,,,,,,,,,,,,,
46,2.250000,RB001,palm_grab,12,,,,,,,,,,,,,,,,,,,,,,,,,,,,,,,,,,,,,,,,,,,,,,,,,,,,1.420527,,,1.269204,,,,,,1.831056,,,0.234037,1.506500,,1.779182,,,,,,1.822545,,0.241839,,1.348445,,,,,,,,1.830914,,1.511890,,0.229498,,,,,,,,,,,,,,,,,,,,,,,,,,,,,,,,,,,,,,,,,,,
47,2.300000,RB001,palm_grab,12,,,,,,,,,,,,,,,,,,,,,,,,,,,,,,,,,,,,,,,,,,,,,,,,,,,,1.396991,,,1.244153,,,,,,1.823698,,,0.164512,1.494597,,1.776802,,,,,,1.818433,,0.169338,,1.327723,,,,,,,,1.823610,,1.497931,,0.161705,,,,,,,,,,,,,,,,,,,,,,,,,,,,,,,,,,,,,,,,,,,
48,2.350000,RB001,palm_grab,12,,,,,,,,,,,,,,,,,,,,,,,,,,,,,,,,,,,,,,,,,,,,,,,,,,,,1.373456,,,1.219103,,,,,,1.816340,,,0.094987,1.482694,,1.774421,,,,,,1.814321,,0.096837,,1.307001,,,,,,,,1.816306,,1.483972,,0.093911,,,,,,,,,,,,,,,,,,,,,,,,,,,,,,,,,,,,,,,,,,,
49,2.400000,RB001,palm_grab,18,,,,,,,,,,,,,,,,,,,,,,,,,,,,,,,,,,,,,,,,,,,,,,,,,,2.059969,,1.338065,,,1.212963,,,,,,1.814601,1.834754,,0.051971,1.478994,,1.774626,,,,1.821087,,1.813368,2.063791,0.051971,,1.301106,,,,,,1.831139,,1.814540,1.780196,1.477555,,0.051971,,,,,,,,,,,,,,,,,,,,,,,,,,,,,,,,,,,,,,,,,,,
50,2.450000,RB001,palm_grab,18,,,,,,,,,,,,,,,,,,,,,,,,,,,,,,,,,,,,,,,,,,,,,,,,,,1.973750,,1.283193,,,1.237900,,,,,,1.822099,1.758694,,0.052514,1.488773,,1.779081,,,,1.804680,,1.817606,1.977408,0.052514,,1.319578,,,,,,1.755785,,1.821874,1.707016,1.483531,,0.052514,,,,,,,,,,,,,,,,,,,,,,,,,,,,,,,,,,,,,,,,,,,
51,2.500000,RB001,palm_grab,18,,,,,,,,,,,,,,,,,,,,,,,,,,,,,,,,,,,,,,,,,,,,,,,,,,1.887531,,1.228321,,,1.262837,,,,,,1.829596,1.682634,,0.053057,1.498552,,1.783536,,,,1.788272,,1.821843,1.891026,0.053057,,1.338050,,,,,,1.680432,,1.829208,1.633835,1.489507,,0.053057,,,,,,,,,,,,,,,,,,,,,,,,,,,,,,,,,,,,,,,,,,,
52,2.550000,RB001,palm_grab,18,,,,,,,,,,,,,,,,,,,,,,,,,,,,,,,,,,,,,,,,,,,,,,,,,,1.801311,,1.173449,,,1.287774,,,,,,1.837093,1.606574,,0.053600,1.508331,,1.787991,,,,1.771865,,1.826081,1.804643,0.053600,,1.356521,,,,,,1.605078,,1.836543,1.560655,1.495483,,0.053600,,,,,,,,,,,,,,,,,,,,,,,,,,,,,,,,,,,,,,,,,,,
53,2.600000,RB001,palm_grab,18,,,,,,,,,,,,,,,,,,,,,,,,,,,,,,,,,,,,,,,,,,,,,,,,,,1.715092,,1.118577,,,1.312710,,,,,,1.844591,1.530514,,0.054144,1.518110,,1.792446,,,,1.755458,,1.830319,1.718261,0.054144,,1.374993,,,,,,1.529724,,1.843877,1.487474,1.501459,,0.054144,,,,,,,,,,,,,,,,,,,,,,,,,,,,,,,,,,,,,,,,,,,
54,2.650000,RB001,palm_grab,18,,,,,,,,,,,,,,,,,,,,,,,,,,,,,,,,,,,,,,,,,,,,,,,,,,1.628872,,1.063706,,,1.337647,,,,,,1.852088,1.454454,,0.054687,1.527889,,1.796901,,,,1.739051,,1.834556,1.631879,0.054687,,1.393465,,,,,,1.454371,,1.851212,1.414293,1.507436,,0.054687,,,,,,,,,,,,,,,,,,,,,,,,,,,,,,,,,,,,,,,,,,,
55,2.700000,RB001,palm_grab,18,,,,,,,,,,,,,,,,,,,,,,,,,,,,,,,,,,,,,,,,,,,,,,,,,,1.542653,,1.008834,,,1.362584,,,,,,1.859585,1.378394,,0.055230,1.537668,,1.801356,,,,1.722644,,1.838794,1.545496,0.055230,,1.411937,,,,,,1.379017,,1.858546,1.341113,1.513412,,0.055230,,,,,,,,,,,,,,,,,,,,,,,,,,,,,,,,,,,,,,,,,,,
56,2.750000,RB001,palm_grab,18,,,,,,,,,,,,,,,,,,,,,,,,,,,,,,,,,,,,,,,,,,,,,,,,,,1.456433,,0.953962,,,1.387521,,,,,,1.867083,1.302334,,0.055773,1.547448,,1.805811,,,,1.706236,,1.843032,1.459114,0.055773,,1.430408,,,,,,1.303663,,1.865880,1.267932,1.519388,,0.055773,,,,,,,,,,,,,,,,,,,,,,,,,,,,,,,,,,,,,,,,,,,
57,2.800000,RB001,palm_grab,18,,,,,,,,,,,,,,,,,,,,,,,,,,,,,,,,,,,,,,,,,,,,,,,,,,1.370214,,0.899090,,,1.412458,,,,,,1.874580,1.226274,,0.056317,1.557227,,1.810266,,,,1.689829,,1.847269,1.372731,0.056317,,1.448880,,,,,,1.228309,,1.873215,1.194752,1.525364,,0.056317,,,,,,,,,,,,,,,,,,,,,,,,,,,,,,,,,,,,,,,,,,,
58,2.850000,RB001,palm_grab,18,,,,,,,,,,,,,,,,,,,,,,,,,,,,,,,,,,,,,,,,,,,,,,,,,,1.283995,,0.844218,,,1.437394,,,,,,1.882077,1.150214,,0.056860,1.567006,,1.814721,,,,1.673422,,1.851507,1.286349,0.056860,,1.467352,,,,,,1.152956,,1.880549,1.121571,1.531340,,0.056860,,,,,,,,,,,,,,,,,,,,,,,,,,,,,,,,,,,,,,,,,,,
59,2.900000,RB001,palm_grab,18,,,,,,,,,,,,,,,,,,,,,,,,,,,,,,,,,,,,,,,,,,,,,,,,,,1.197775,,0.789346,,,1.462331,,,,,,1.889575,1.074154,,0.057403,1.576785,,1.819176,,,,1.657015,,1.855744,1.199966,0.057403,,1.485823,,,,,,1.077602,,1.887883,1.048391,1.537316,,0.057403,,,,,,,,,,,,,,,,,,,,,,,,,,,,,,,,,,,,,,,,,,,
60,2.950000,RB001,palm_grab,18,,,,,,,,,,,,,,,,,,,,,,,,,,,,,,,,,,,,,,,,,,,,,,,,,,1.111556,,0.734474,,,1.487268,,,,,,1.897072,0.998094,,0.057947,1.586564,,1.823631,,,,1.640608,,1.859982,1.113584,0.057947,,1.504295,,,,,,1.002248,,1.895218,0.975210,1.543293,,0.057947,,,,,,,,,,,,,,,,,,,,,,,,,,,,,,,,,,,,,,,,,,,
61,3.000000,RB001,palm_grab,18,,,,,,,,,,,,,,,,,,,,,,,,,,,,,,,,,,,,,,,,,,,,,,,,,,1.025336,,0.679602,,,1.512205,,,,,,1.904569,0.922034,,0.058490,1.596343,,1.828086,,,,1.624200,,1.864220,1.027202,0.058490,,1.522767,,,,,,0.926894,,1.902552,0.902029,1.549269,,0.058490,,,,,,,,,,,,,,,,,,,,,,,,,,,,,,,,,,,,,,,,,,,
62,3.050000,RB001,palm_grab,18,,,,,,,,,,,,,,,,,,,,,,,,,,,,,,,,,,,,,,,,,,,,,,,,,,0.939117,,0.624731,,,1.537142,,,,,,1.912067,0.845974,,0.059033,1.606122,,1.832541,,,,1.607793,,1.868457,0.940819,0.059033,,1.541239,,,,,,0.851541,,1.909886,0.828849,1.555245,,0.059033,,,,,,,,,,,,,,,,,,,,,,,,,,,,,,,,,,,,,,,,,,,
63,3.100000,RB001,palm_grab,18,,,,,,,,,,,,,,,,,,,,,,,,,,,,,,,,,,,,,,,,,,,,,,,,,,0.852897,,0.569859,,,1.562079,,,,,,1.919564,0.769914,,0.059576,1.615902,,1.836996,,,,1.591386,,1.872695,0.854437,0.059576,,1.559710,,,,,,0.776187,,1.917221,0.755668,1.561221,,0.059576,,,,,,,,,,,,,,,,,,,,,,,,,,,,,,,,,,,,,,,,,,,
64,3.150000,RB001,palm_grab,18,,,,,,,,,,,,,,,,,,,,,,,,,,,,,,,,,,,,,,,,,,,,,,,,,,0.766678,,0.514987,,,1.587015,,,,,,1.927061,0.693854,,0.060120,1.625681,,1.841451,,,,1.574979,,1.876933,0.768054,0.060120,,1.578182,,,,,,0.700833,,1.924555,0.682488,1.567197,,0.060120,,,,,,,,,,,,,,,,,,,,,,,,,,,,,,,,,,,,,,,,,,,
65,3.200000,RB001,palm_grab,18,,,,,,,,,,,,,,,,,,,,,,,,,,,,,,,,,,,,,,,,,,,,,,,,,,0.680459,,0.460115,,,1.611952,,,,,,1.934559,0.617794,,0.060663,1.635460,,1.845906,,,,1.558571,,1.881170,0.681672,0.060663,,1.596654,,,,,,0.625479,,1.931890,0.609307,1.573173,,0.060663,,,,,,,,,,,,,,,,,,,,,,,,,,,,,,,,,,,,,,,,,,,
66,3.250000,RB001,palm_grab,18,,,,,,,,,,,,,,,,,,,,,,,,,,,,,,,,,,,,,,,,,,,,,,,,,,0.594239,,0.405243,,,1.636889,,,,,,1.942056,0.541734,,0.061206,1.645239,,1.850361,,,,1.542164,,1.885408,0.595289,0.061206,,1.615125,,,,,,0.550126,,1.939224,0.536127,1.579149,,0.061206,,,,,,,,,,,,,,,,,,,,,,,,,,,,,,,,,,,,,,,,,,,
67,3.300000,RB001,palm_grab,18,,,,,,,,,,,,,,,,,,,,,,,,,,,,,,,,,,,,,,,,,,,,,,,,,,0.508020,,0.350371,,,1.661826,,,,,,1.949553,0.465674,,0.061750,1.655018,,1.854816,,,,1.525757,,1.889645,0.508907,0.061750,,1.633597,,,,,,0.474772,,1.946558,0.462946,1.585126,,0.061750,,,,,,,,,,,,,,,,,,,,,,,,,,,,,,,,,,,,,,,,,,,
68,3.350000,RB001,palm_grab,18,,,,,,,,,,,,,,,,,,,,,,,,,,,,,,,,,,,,,,,,,,,,,,,,,,0.421800,,0.295499,,,1.686763,,,,,,1.957051,0.389614,,0.062293,1.664797,,1.859271,,,,1.509350,,1.893883,0.422524,0.062293,,1.652069,,,,,,0.399418,,1.953893,0.389765,1.591102,,0.062293,,,,,,,,,,,,,,,,,,,,,,,,,,,,,,,,,,,,,,,,,,,
69,3.400000,RB001,palm_grab,18,,,,,,,,,,,,,,,,,,,,,,,,,,,,,,,,,,,,,,,,,,,,,,,,,,0.335581,,0.240627,,,1.711699,,,,,,1.964548,0.313554,,0.062836,1.674576,,1.863726,,,,1.492943,,1.898121,0.336142,0.062836,,1.670541,,,,,,0.324065,,1.961227,0.316585,1.597078,,0.062836,,,,,,,,,,,,,,,,,,,,,,,,,,,,,,,,,,,,,,,,,,,
70,3.450000,RB001,palm_grab,18,,,,,,,,,,,,,,,,,,,,,,,,,,,,,,,,,,,,,,,,,,,,,,,,,,0.249361,,0.185756,,,1.736636,,,,,,1.972045,0.237494,,0.063379,1.684356,,1.868181,,,,1.476535,,1.902358,0.249760,0.063379,,1.689012,,,,,,0.248711,,1.968561,0.243404,1.603054,,0.063379,,,,,,,,,,,,,,,,,,,,,,,,,,,,,,,,,,,,,,,,,,,
71,3.500000,RB001,palm_grab,17,,,,,,,,,,,,,,,,,,,,,,,,,,,,,,,,,,,,,,,,,,,,,,,,,,0.163142,,0.130884,,,1.761573,,,,,,1.979543,0.161434,,0.063923,1.694135,,,,,,1.460128,,1.906596,0.163377,0.063923,,1.707484,,,,,,0.173357,,1.975896,0.170224,1.609030,,0.063923,,,,,,,,,,,,,,,,,,,,,,,,,,,,,,,,,,,,,,,,,,,
72,3.550000,RB001,palm_grab,16,,,,,,,,,,,,,,,,,,,,,,,,,,,,,,,,,,,,,,,,,,,,,,,,,,0.076923,,0.076012,,,1.786510,,,,,,1.987040,0.085374,,0.064466,1.703914,,,,,,1.443721,,,0.076995,0.064466,,1.725956,,,,,,0.098003,,1.983230,0.097043,1.615006,,0.064466,,,,,,,,,,,,,,,,,,,,,,,,,,,,,,,,,,,,,,,,,,,
73,3.600000,RB001,palm_grab,13,,,,,,,,,,,,,,,,,,,,,,,,,,,,,,,,,,,,,,,,,,,,,,,,,,0.083138,,0.091227,,,,,,,,,,0.090809,,0.097056,1.700705,,,,,,1.445507,,,0.083166,0.101797,,1.735568,,,,,,0.102355,,,0.102327,1.621607,,0.100040,,,,,,,,,,,,,,,,,,,,,,,,,,,,,,,,,,,,,,,,,,,
74,3.650000,RB001,palm_grab,15,,,,,,,,,,,,,,,,,,,,,,,,,,,,,,,,,,,,,,,,,,,,,,,,,,0.162538,,0.161932,,,,,,,,,,0.160764,,0.155020,1.687214,,1.875010,,,,1.461696,,,0.162616,0.168255,1.710180,1.738167,,,,,,0.169812,,,0.169735,1.628703,,0.163350,,,,,,,,,,,,,,,,,,,,,,,,,,,,,,,,,,,,,,,,,,,
75,3.700000,RB001,palm_grab,15,,,,,,,,,,,,,,,,,,,,,,,,,,,,,,,,,,,,,,,,,,,,,,,,,,0.241938,,0.232637,,,,,,,,,,0.230720,,0.212983,1.673722,,1.872412,,,,1.477886,,,0.242066,0.234713,1.704784,1.740765,,,,,,0.237270,,,0.237142,1.635798,,0.226660,,,,,,,,,,,,,,,,,,,,,,,,,,,,,,,,,,,,,,,,,,,
76,3.750000,RB001,palm_grab,15,,,,,,,,,,,,,,,,,,,,,,,,,,,,,,,,,,,,,,,,,,,,,,,,,,0.321337,,0.303342,,,,,,,,,,0.300675,,0.270946,1.660231,,1.869814,,,,1.494076,,,0.321515,0.301171,1.699387,1.743363,,,,,,0.304727,,,0.304549,1.642894,,0.289970,,,,,,,,,,,,,,,,,,,,,,,,,,,,,,,,,,,,,,,,,,,
77,3.800000,RB001,palm_grab,15,,,,,,,,,,,,,,,,,,,,,,,,,,,,,,,,,,,,,,,,,,,,,,,,,,0.400737,,0.374047,,,,,,,,,,0.370631,,0.328909,1.646740,,1.867215,,,,1.510266,,,0.400965,0.367629,1.693991,1.745962,,,,,,0.372184,,,0.371956,1.649989,,0.353280,,,,,,,,,,,,,,,,,,,,,,,,,,,,,,,,,,,,,,,,,,,
78,3.850000,RB001,palm_grab,15,,,,,,,,,,,,,,,,,,,,,,,,,,,,,,,,,,,,,,,,,,,,,,,,,,0.480136,,0.444752,,,,,,,,,,0.440586,,0.386872,1.633248,,1.864617,,,,1.526455,,,0.480414,0.434086,1.688594,1.748560,,,,,,0.439641,,,0.439363,1.657084,,0.416590,,,,,,,,,,,,,,,,,,,,,,,,,,,,,,,,,,,,,,,,,,,
79,3.900000,RB001,palm_grab,15,,,,,,,,,,,,,,,,,,,,,,,,,,,,,,,,,,,,,,,,,,,,,,,,,,0.559536,,0.515458,,,,,,,,,,0.510542,,0.444836,1.619757,,1.862019,,,,1.542645,,,0.559864,0.500544,1.683198,1.751158,,,,,,0.507098,,,0.506771,1.664180,,0.479899,,,,,,,,,,,,,,,,,,,,,,,,,,,,,,,,,,,,,,,,,,,
80,3.950000,RB001,palm_grab,15,,,,,,,,,,,,,,,,,,,,,,,,,,,,,,,,,,,,,,,,,,,,,,,,,,0.638935,,0.586163,,,,,,,,,,0.580498,,0.502799,1.606265,,1.859420,,,,1.558835,,,0.639313,0.567002,1.677801,1.753757,,,,,,0.574556,,,0.574178,1.671275,,0.543209,,,,,,,,,,,,,,,,,,,,,,,,,,,,,,,,,,,,,,,,,,,
81,4.000000,RB001,palm_grab,15,,,,,,,,,,,,,,,,,,,,,,,,,,,,,,,,,,,,,,,,,,,,,,,,,,0.718335,,0.656868,,,,,,,,,,0.650453,,0.560762,1.592774,,1.856822,,,,1.575024,,,0.718763,0.633460,1.672404,1.756355,,,,,,0.642013,,,0.641585,1.678371,,0.606519,,,,,,,,,,,,,,,,,,,,,,,,,,,,,,,,,,,,,,,,,,,
82,4.050000,RB001,palm_grab,15,,,,,,,,,,,,,,,,,,,,,,,,,,,,,,,,,,,,,,,,,,,,,,,,,,0.797735,,0.727573,,,,,,,,,,0.720409,,0.618725,1.579283,,1.854224,,,,1.591214,,,0.798213,0.699918,1.667008,1.758953,,,,,,0.709470,,,0.708992,1.685466,,0.669829,,,,,,,,,,,,,,,,,,,,,,,,,,,,,,,,,,,,,,,,,,,
83,4.100000,RB001,palm_grab,15,,,,,,,,,,,,,,,,,,,,,,,,,,,,,,,,,,,,,,,,,,,,,,,,,,0.877134,,0.798278,,,,,,,,,,0.790364,,0.676688,1.565791,,1.851625,,,,1.607404,,,0.877662,0.766375,1.661611,1.761552,,,,,,0.776927,,,0.776400,1.692562,,0.733139,,,,,,,,,,,,,,,,,,,,,,,,,,,,,,,,,,,,,,,,,,,
84,4.150000,RB001,palm_grab,15,,,,,,,,,,,,,,,,,,,,,,,,,,,,,,,,,,,,,,,,,,,,,,,,,,0.956534,,0.868983,,,,,,,,,,0.860320,,0.734652,1.552300,,1.849027,,,,1.623593,,,0.957112,0.832833,1.656215,1.764150,,,,,,0.844384,,,0.843807,1.699657,,0.796448,,,,,,,,,,,,,,,,,,,,,,,,,,,,,,,,,,,,,,,,,,,
85,4.200000,RB001,palm_grab,15,,,,,,,,,,,,,,,,,,,,,,,,,,,,,,,,,,,,,,,,,,,,,,,,,,1.035933,,0.939688,,,,,,,,,,0.930275,,0.792615,1.538808,,1.846429,,,,1.639783,,,1.036561,0.899291,1.650818,1.766748,,,,,,0.911842,,,0.911214,1.706753,,0.859758,,,,,,,,,,,,,,,,,,,,,,,,,,,,,,,,,,,,,,,,,,,
86,4.250000,RB001,palm_grab,14,,,,,,,,,,,,,,,,,,,,,,,,,,,,,,,,,,,,,,,,,,,,,,,,,,1.115333,,1.010393,,,,,,,,,,1.000231,,0.850578,1.525317,,1.843830,,,,1.655973,,,1.116011,0.965749,1.645421,,,,,,,0.979299,,,0.978621,1.713848,,0.923068,,,,,,,,,,,,,,,,,,,,,,,,,,,,,,,,,,,,,,,,,,,
87,4.300000,RB001,palm_grab,14,,,,,,,,,,,,,,,,,,,,,,,,,,,,,,,,,,,,,,,,,,,,,,,,,,1.194732,,1.081098,,,,,,,,,,1.070187,,0.908541,1.511825,,1.841232,,,,1.672162,,,1.195460,1.032207,1.640025,,,,,,,1.046756,,,1.046029,1.720944,,0.986378,,,,,,,,,,,,,,,,,,,,,,,,,,,,,,,,,,,,,,,,,,,
88,4.350000,RB001,palm_grab,14,,,,,,,,,,,,,,,,,,,,,,,,,,,,,,,,,,,,,,,,,,,,,,,,,,1.274132,,1.151804,,,,,,,,,,1.140142,,0.966504,1.498334,,1.838634,,,,1.688352,,,1.274910,1.098664,1.634628,,,,,,,1.114213,,,1.113436,1.728039,,1.049688,,,,,,,,,,,,,,,,,,,,,,,,,,,,,,,,,,,,,,,,,,,
89,4.400000,RB001,palm_grab,14,,,,,,,,,,,,,,,,,,,,,,,,,,,,,,,,,,,,,,,,,,,,,,,,,,1.353532,,1.222509,,,,,,,,,,1.210098,,1.024468,1.484843,,1.836035,,,,1.704542,,,1.354360,1.165122,1.629232,,,,,,,1.181670,,,1.180843,1.735135,,1.112998,,,,,,,,,,,,,,,,,,,,,,,,,,,,,,,,,,,,,,,,,,,
90,4.450000,RB001,palm_grab,14,,,,,,,,,,,,,,,,,,,,,,,,,,,,,,,,,,,,,,,,,,,,,,,,,,1.432931,,1.293214,,,,,,,,,,1.280053,,1.082431,1.471351,,1.833437,,,,1.720731,,,1.433809,1.231580,1.623835,,,,,,,1.249127,,,1.248250,1.742230,,1.176307,,,,,,,,,,,,,,,,,,,,,,,,,,,,,,,,,,,,,,,,,,,
91,4.500000,RB001,palm_grab,14,,,,,,,,,,,,,,,,,,,,,,,,,,,,,,,,,,,,,,,,,,,,,,,,,,1.512331,,1.363919,,,,,,,,,,1.350009,,1.140394,1.457860,,1.830839,,,,1.736921,,,1.513259,1.298038,1.618439,,,,,,,1.316585,,,1.315657,1.749326,,1.239617,,,,,,,,,,,,,,,,,,,,,,,,,,,,,,,,,,,,,,,,,,,
92,4.550000,RB001,palm_grab,14,,,,,,,,,,,,,,,,,,,,,,,,,,,,,,,,,,,,,,,,,,,,,,,,,,1.591730,,1.434624,,,,,,,,,,1.419964,,1.198357,1.444368,,1.828240,,,,1.753111,,,1.592708,1.364496,1.613042,,,,,,,1.384042,,,1.383065,1.756421,,1.302927,,,,,,,,,,,,,,,,,,,,,,,,,,,,,,,,,,,,,,,,,,,
93,4.600000,RB001,palm_grab,14,,,,,,,,,,,,,,,,,,,,,,,,,,,,,,,,,,,,,,,,,,,,,,,,,,1.671130,,1.505329,,,,,,,,,,1.489920,,1.256320,1.430877,,1.825642,,,,1.769300,,,1.672158,1.430953,1.607645,,,,,,,1.451499,,,1.450472,1.763517,,1.366237,,,,,,,,,,,,,,,,,,,,,,,,,,,,,,,,,,,,,,,,,,,
94,4.650000,RB001,palm_grab,14,,,,,,,,,,,,,,,,,,,,,,,,,,,,,,,,,,,,,,,,,,,,,,,,,,1.750529,,1.576034,,,,,,,,,,1.559876,,1.314283,1.417386,,1.823044,,,,1.785490,,,1.751607,1.497411,1.602249,,,,,,,1.518956,,,1.517879,1.770612,,1.429547,,,,,,,,,,,,,,,,,,,,,,,,,,,,,,,,,,,,,,,,,,,
95,4.700000,RB001,palm_grab,14,,,,,,,,,,,,,,,,,,,,,,,,,,,,,,,,,,,,,,,,,,,,,,,,,,1.829929,,1.646739,,,,,,,,,,1.629831,,1.372247,1.403894,,1.820445,,,,1.801680,,,1.831057,1.563869,1.596852,,,,,,,1.586413,,,1.585286,1.777707,,1.492856,,,,,,,,,,,,,,,,,,,,,,,,,,,,,,,,,,,,,,,,,,,
96,4.750000,RB001,palm_grab,14,,,,,,,,,,,,,,,,,,,,,,,,,,,,,,,,,,,,,,,,,,,,,,,,,,1.909329,,1.717444,,,,,,,,,,1.699787,,1.430210,1.390403,,1.817847,,,,1.817869,,,1.910507,1.630327,1.591456,,,,,,,1.653871,,,1.652694,1.784803,,1.556166,,,,,,,,,,,,,,,,,,,,,,,,,,,,,,,,,,,,,,,,,,,
97,4.800000,RB001,palm_grab,14,,,,,,,,,,,,,,,,,,,,,,,,,,,,,,,,,,,,,,,,,,,,,,,,,,1.988728,,1.788149,,,,,,,,,,1.769742,,1.488173,1.376911,,1.815248,,,,1.834059,,,1.989956,1.696785,1.586059,,,,,,,1.721328,,,1.720101,1.791898,,1.619476,,,,,,,,,,,,,,,,,,,,,,,,,,,,,,,,,,,,,,,,,,,
98,4.850000,RB001,palm_grab,14,,,,,,,,,,,,,,,,,,,,,,,,,,,,,,,,,,,,,,,,,,,,,,,,,,2.068128,,1.858855,,,,,,,,,,1.839698,,1.546136,1.363420,,1.812650,,,,1.850249,,,2.069406,1.763242,1.580662,,,,,,,1.788785,,,1.787508,1.798994,,1.682786,,,,,,,,,,,,,,,,,,,,,,,,,,,,,,,,,,,,,,,,,,,
99,4.900000,RB001,palm_grab,5,,,,,,,,,,,,,,,,,,,,,,,,,,,,,,,,,,,,,,,,,,,,,,,,,,,,,,,,,,,,,,,,1.568582,1.364224,,1.815005,,,,,,,,,1.582064,,,,,,,1.814825,,,,,,,,,,,,,,,,,,,,,,,,,,,,,,,,,,,,,,,,,,,,,,,,,
100,4.950000,RB001,palm_grab,5,,,,,,,,,,,,,,,,,,,,,,,,,,,,,,,,,,,,,,,,,,,,,,,,,,,,,,,,,,,,,,,,1.572678,1.372415,,1.819920,,,,,,,,,1.586979,,,,,,,1.819467,,,,,,,,,,,,,,,,,,,,,,,,,,,,,,,,,,,,,,,,,,,,,,,,,
101,5.000000,RB001,palm_grab,5,,,,,,,,,,,,,,,,,,,,,,,,,,,,,,,,,,,,,,,,,,,,,,,,,,,,,,,,,,,,,,,,1.576773,1.380606,,1.824834,,,,,,,,,1.591893,,,,,,,1.824108,,,,,,,,,,,,,,,,,,,,,,,,,,,,,,,,,,,,,,,,,,,,,,,,,
102,5.050000,RB001,palm_grab,5,,,,,,,,,,,,,,,,,,,,,,,,,,,,,,,,,,,,,,,,,,,,,,,,,,,,,,,,,,,,,,,,1.580868,1.388796,,1.829748,,,,,,,,,1.596807,,,,,,,1.828749,,,,,,,,,,,,,,,,,,,,,,,,,,,,,,,,,,,,,,,,,,,,,,,,,
103,5.100000,RB001,palm_grab,5,,,,,,,,,,,,,,,,,,,,,,,,,,,,,,,,,,,,,,,,,,,,,,,,,,,,,,,,,,,,,,,,1.584964,1.396987,,1.834663,,,,,,,,,1.601722,,,,,,,1.833391,,,,,,,,,,,,,,,,,,,,,,,,,,,,,,,,,,,,,,,,,,,,,,,,,
104,5.150000,RB001,palm_grab,5,,,,,,,,,,,,,,,,,,,,,,,,,,,,,,,,,,,,,,,,,,,,,,,,,,,,,,,,,,,,,,,,1.589059,1.405177,,1.839577,,,,,,,,,1.606636,,,,,,,1.838032,,,,,,,,,,,,,,,,,,,,,,,,,,,,,,,,,,,,,,,,,,,,,,,,,
105,5.200000,RB001,palm_grab,5,,,,,,,,,,,,,,,,,,,,,,,,,,,,,,,,,,,,,,,,,,,,,,,,,,,,,,,,,,,,,,,,1.593154,1.413368,,1.844491,,,,,,,,,1.611551,,,,,,,1.842673,,,,,,,,,,,,,,,,,,,,,,,,,,,,,,,,,,,,,,,,,,,,,,,,,
106,5.250000,RB001,palm_grab,5,,,,,,,,,,,,,,,,,,,,,,,,,,,,,,,,,,,,,,,,,,,,,,,,,,,,,,,,,,,,,,,,1.597249,1.421559,,1.849406,,,,,,,,,1.616465,,,,,,,1.847315,,,,,,,,,,,,,,,,,,,,,,,,,,,,,,,,,,,,,,,,,,,,,,,,,
107,5.300000,RB001,palm_grab,5,,,,,,,,,,,,,,,,,,,,,,,,,,,,,,,,,,,,,,,,,,,,,,,,,,,,,,,,,,,,,,,,1.601345,1.429749,,1.854320,,,,,,,,,1.621379,,,,,,,1.851956,,,,,,,,,,,,,,,,,,,,,,,,,,,,,,,,,,,,,,,,,,,,,,,,,
108,5.350000,RB001,palm_grab,5,,,,,,,,,,,,,,,,,,,,,,,,,,,,,,,,,,,,,,,,,,,,,,,,,,,,,,,,,,,,,,,,1.605440,1.437940,,1.859234,,,,,,,,,1.626294,,,,,,,1.856597,,,,,,,,,,,,,,,,,,,,,,,,,,,,,,,,,,,,,,,,,,,,,,,,,
109,5.400000,RB001,palm_grab,5,,,,,,,,,,,,,,,,,,,,,,,,,,,,,,,,,,,,,,,,,,,,,,,,,,,,,,,,,,,,,,,,1.609535,1.446130,,1.864149,,,,,,,,,1.631208,,,,,,,1.861239,,,,,,,,,,,,,,,,,,,,,,,,,,,,,,,,,,,,,,,,,,,,,,,,,
110,5.450000,RB001,palm_grab,5,,,,,,,,,,,,,,,,,,,,,,,,,,,,,,,,,,,,,,,,,,,,,,,,,,,,,,,,,,,,,,,,1.613631,1.454321,,1.869063,,,,,,,,,1.636123,,,,,,,1.865880,,,,,,,,,,,,,,,,,,,,,,,,,,,,,,,,,,,,,,,,,,,,,,,,,
111,5.500000,RB001,palm_grab,5,,,,,,,,,,,,,,,,,,,,,,,,,,,,,,,,,,,,,,,,,,,,,,,,,,,,,,,,,,,,,,,,1.617726,1.462512,,1.873977,,,,,,,,,1.641037,,,,,,,1.870522,,,,,,,,,,,,,,,,,,,,,,,,,,,,,,,,,,,,,,,,,,,,,,,,,
112,5.550000,RB001,palm_grab,5,,,,,,,,,,,,,,,,,,,,,,,,,,,,,,,,,,,,,,,,,,,,,,,,,,,,,,,,,,,,,,,,1.621821,1.470702,,1.878892,,,,,,,,,1.645951,,,,,,,1.875163,,,,,,,,,,,,,,,,,,,,,,,,,,,,,,,,,,,,,,,,,,,,,,,,,
113,5.600000,RB001,palm_grab,5,,,,,,,,,,,,,,,,,,,,,,,,,,,,,,,,,,,,,,,,,,,,,,,,,,,,,,,,,,,,,,,,1.625917,1.478893,,1.883806,,,,,,,,,1.650866,,,,,,,1.879804,,,,,,,,,,,,,,,,,,,,,,,,,,,,,,,,,,,,,,,,,,,,,,,,,
114,5.650000,RB001,palm_grab,5,,,,,,,,,,,,,,,,,,,,,,,,,,,,,,,,,,,,,,,,,,,,,,,,,,,,,,,,,,,,,,,,1.630012,1.487083,,1.888721,,,,,,,,,1.655780,,,,,,,1.884446,,,,,,,,,,,,,,,,,,,,,,,,,,,,,,,,,,,,,,,,,,,,,,,,,
115,5.700000,RB001,palm_grab,5,,,,,,,,,,,,,,,,,,,,,,,,,,,,,,,,,,,,,,,,,,,,,,,,,,,,,,,,,,,,,,,,1.634107,1.495274,,1.893635,,,,,,,,,1.660695,,,,,,,1.889087,,,,,,,,,,,,,,,,,,,,,,,,,,,,,,,,,,,,,,,,,,,,,,,,,
116,5.750000,RB001,palm_grab,5,,,,,,,,,,,,,,,,,,,,,,,,,,,,,,,,,,,,,,,,,,,,,,,,,,,,,,,,,,,,,,,,1.638203,1.503465,,1.898549,,,,,,,,,1.665609,,,,,,,1.893728,,,,,,,,,,,,,,,,,,,,,,,,,,,,,,,,,,,,,,,,,,,,,,,,,
117,5.800000,RB001,palm_grab,5,,,,,,,,,,,,,,,,,,,,,,,,,,,,,,,,,,,,,,,,,,,,,,,,,,,,,,,,,,,,,,,,1.642298,1.511655,,1.903464,,,,,,,,,1.670523,,,,,,,1.898370,,,,,,,,,,,,,,,,,,,,,,,,,,,,,,,,,,,,,,,,,,,,,,,,,
118,5.850000,RB001,palm_grab,5,,,,,,,,,,,,,,,,,,,,,,,,,,,,,,,,,,,,,,,,,,,,,,,,,,,,,,,,,,,,,,,,1.646393,1.519846,,1.908378,,,,,,,,,1.675438,,,,,,,1.903011,,,,,,,,,,,,,,,,,,,,,,,,,,,,,,,,,,,,,,,,,,,,,,,,,
119,5.900000,RB001,palm_grab,5,,,,,,,,,,,,,,,,,,,,,,,,,,,,,,,,,,,,,,,,,,,,,,,,,,,,,,,,,,,,,,,,1.650489,1.528036,,1.913292,,,,,,,,,1.680352,,,,,,,1.907652,,,,,,,,,,,,,,,,,,,,,,,,,,,,,,,,,,,,,,,,,,,,,,,,,
120,5.950000,RB001,palm_grab,5,,,,,,,,,,,,,,,,,,,,,,,,,,,,,,,,,,,,,,,,,,,,,,,,,,,,,,,,,,,,,,,,1.654584,1.536227,,1.918207,,,,,,,,,1.685267,,,,,,,1.912294,,,,,,,,,,,,,,,,,,,,,,,,,,,,,,,,,,,,,,,,,,,,,,,,,
121,6.000000,RB001,palm_grab,3,,,,,,,,,,,,,,,,,,,,,,,,,,,,,,,,,,,,,,,,,,,,,,,,,,,,,,,,,,,,,,,,1.658679,1.544418,,,,,,,,,,,1.690181,,,,,,,,,,,,,,,,,,,,,,,,,,,,,,,,,,,,,,,,,,,,,,,,,,,,,,,,
122,6.050000,RB001,palm_grab,0,,,,,,,,,,,,,,,,,,,,,,,,,,,,,,,,,,,,,,,,,,,,,,,,,,,,,,,,,,,,,,,,,,,,,,,,,,,,,,,,,,,,,,,,,,,,,,,,,,,,,,,,,,,,,,,,,,,,,,,,,,,,,,,,,,,,
